{
    "data":{
        "resId":"haibao_30",
        "type":1,
        "name":"微商朋友圈背景可爱风1",
        "canvas":{
            "width":375,
            "height":375,
            "color":{
                "red":255,
                "green":255,
                "blue":255,
                "alpha":1
            },
            "path":"haibao_30_sucai.png"
        },
        "imagePieces":[
            
        ],
        "textPieces":[
            {
                "x":117,
                "y":111,
                "width":144,
                "height":29,
                "type":1,
                "verticalFlip":0,
                "horizonFlip":0,
                "angle":0,
                "verticalAlign":0,
                "text":"妞家烘培小屋",
                "textAlign":1,
                "fontName":"华康方圆体",
                "defaultFontSize":20,
                "lineCount":0,
                "lineSpace":0,
                "characterSpace":2,
                "shadow":{
                    "shadowColor":{
                        "red":0,
                        "green":0,
                        "blue":0,
                        "alpha":0
                    },
                    "opacity":0.2,
                    "shadowOffsetX":2,
                    "shadowOffsetY":3,
                    "shadowRadius":0
                },
                "border":{
                    "borderWidth":1,
                    "borderColor":{
                        "red":0,
                        "green":0,
                        "blue":0,
                        "alpha":0
                    }
                },
                "color":{
                    "red":0,
                    "green":0,
                    "blue":0,
                    "alpha":1
                    }
                },
            {
                "x":78,
                "y":166,
                "width":224,
                "height":113,
                "type":1,
                "verticalFlip":0,
                "horizonFlip":0,
                "angle":0,
                "verticalAlign":0,
                "text":"一枚90后水瓶座大菇凉\n三分钟热度但是对美食的热情从未减少\n甜品的所有食材都是纯进口\n不添加任何添加剂 请放心食用\n因小妞能力有限 一天做的东西都是有限的\n请各位老板提前一年订单哦～",
                "textAlign":1,
                "fontName":"华康方圆体",
                "defaultFontSize":10,
                "lineCount":5,
                "lineSpace":7,
                "characterSpace":1,
                "shadow":{
                    "shadowColor":{
                        "red":0,
                        "green":0,
                        "blue":0,
                        "alpha":0
                    },
                    "opacity":0.2,
                    "shadowOffsetX":2,
                    "shadowOffsetY":3,
                    "shadowRadius":0
                },
                "border":{
                    "borderWidth":1,
                    "borderColor":{
                        "red":0,
                        "green":0,
                        "blue":0,
                        "alpha":0
                    }
                },
                "color":{
                    "red":0,
                    "green":0,
                    "blue":0,
                    "alpha":1
                    }
                }
        ]
    }
}
