{
    "data":{
        "resId":"haibao_15",
        "type":1,
        "name":"微商朋友圈背景可爱风1",
        "canvas":{
            "width":375,
            "height":375,
            "color":{
                "red":255,
                "green":252,
                "blue":247,
                "alpha":1
            }
        },
        "imagePieces":[
            {
                "path":"haibao_15_sucai.png",
                "x":0,
                "y":0,
                "width":375,
                "height":375,
                "verticalFlip":0,
                "horizonFlip":0,
                "angle":0,
                "bgRadius":0
            },
            {
                "x":25,
                "y":74,
                "width":108,
                "height":108,
                "verticalFlip":0,
                "horizonFlip":0,
                "angle":0,
                "bgRadius":54,
                "path":"haibao_15_touxiang.png"
            }
        ],
        "textPieces":[
            {
                "x":163,
                "y":90,
                "width":211,
                "height":25,
                "type":1,
                "verticalFlip":0,
                "horizonFlip":0,
                "angle":0,
                "verticalAlign":0,
                "text":"可可小店",
                "textAlign":0,
                "fontName":"华康方圆体",
                "defaultFontSize":20,
                "lineCount":0,
                "lineSpace":0,
                "characterSpace":2,
                "shadow":{
                    "shadowColor":{
                        "red":0,
                        "green":0,
                        "blue":0,
                        "alpha":0
                    },
                    "opacity":0.2,
                    "shadowOffsetX":2,
                    "shadowOffsetY":3,
                    "shadowRadius":0
                },
                "border":{
                    "borderWidth":1,
                    "borderColor":{
                        "red":200,
                        "green":107,
                        "blue":107,
                        "alpha":0
                    }
                },
                "color":{
                    "red":255,
                    "green":255,
                    "blue":255,
                    "alpha":1
                    }
                },
            {
                "x":163,
                "y":118,
                "width":211,
                "height":15,
                "type":1,
                "verticalFlip":0,
                "horizonFlip":0,
                "angle":0,
                "verticalAlign":0,
                "text":"Welcome to my shop",
                "textAlign":0,
                "fontName":"华康方圆体",
                "defaultFontSize":11,
                "lineCount":0,
                "lineSpace":0,
                "characterSpace":1,
                "shadow":{
                    "shadowColor":{
                        "red":0,
                        "green":0,
                        "blue":0,
                        "alpha":0
                    },
                    "opacity":0.2,
                    "shadowOffsetX":2,
                    "shadowOffsetY":3,
                    "shadowRadius":0
                },
                "border":{
                    "borderWidth":1,
                    "borderColor":{
                        "red":255,
                        "green":255,
                        "blue":255,
                        "alpha":0
                    }
                },
                "color":{
                    "red":255,
                    "green":255,
                    "blue":255,
                    "alpha":1
                    }
                },
            {
                "x":163,
                "y":138,
                "width":211,
                "height":35,
                "type":1,
                "verticalFlip":0,
                "horizonFlip":0,
                "angle":0,
                "verticalAlign":0,
                "text":"主营衣服、包包、女鞋\n买自己喜欢的东西，遇眼光相似的人",
                "textAlign":0,
                "fontName":"华康方圆体",
                "defaultFontSize":11,
                "lineCount":2,
                "lineSpace":5,
                "characterSpace":1,
                "shadow":{
                    "shadowColor":{
                        "red":0,
                        "green":0,
                        "blue":0,
                        "alpha":0
                    },
                    "opacity":0.2,
                    "shadowOffsetX":2,
                    "shadowOffsetY":3,
                    "shadowRadius":0
                },
                "border":{
                    "borderWidth":1,
                    "borderColor":{
                        "red":255,
                        "green":255,
                        "blue":255,
                        "alpha":0
                    }
                },
                "color":{
                    "red":255,
                    "green":255,
                    "blue":255,
                    "alpha":1
                    }
                },
            {
                "x":46,
                "y":188,
                "width":164,
                "height":74,
                "type":1,
                "verticalFlip":0,
                "horizonFlip":0,
                "angle":0,
                "verticalAlign":0,
                "text":"不缺单不缺德不卖假\n直播代购确保正品\n1-3天发货，预收款除外",
                "textAlign":0,
                "fontName":"华康方圆体",
                "defaultFontSize":11,
                "lineCount":3,
                "lineSpace":10,
                "characterSpace":1,
                "shadow":{
                    "shadowColor":{
                        "red":0,
                        "green":0,
                        "blue":0,
                        "alpha":0
                    },
                    "opacity":0.2,
                    "shadowOffsetX":2,
                    "shadowOffsetY":3,
                    "shadowRadius":0
                },
                "border":{
                    "borderWidth":1,
                    "borderColor":{
                        "red":255,
                        "green":255,
                        "blue":255,
                        "alpha":0
                    }
                },
                "color":{
                    "red":0,
                    "green":0,
                    "blue":0,
                    "alpha":1
                    }
                },
            {
                "x":208,
                "y":188,
                "width":164,
                "height":74,
                "type":1,
                "verticalFlip":0,
                "horizonFlip":0,
                "angle":0,
                "verticalAlign":0,
                "text":"全款后发货退单不退定金\n非质量问问题不退不换\n不接急单",
                "textAlign":0,
                "fontName":"华康方圆体",
                "defaultFontSize":11,
                "lineCount":3,
                "lineSpace":10,
                "characterSpace":1,
                "shadow":{
                    "shadowColor":{
                        "red":0,
                        "green":0,
                        "blue":0,
                        "alpha":0
                    },
                    "opacity":0.2,
                    "shadowOffsetX":2,
                    "shadowOffsetY":3,
                    "shadowRadius":0
                },
                "border":{
                    "borderWidth":1,
                    "borderColor":{
                        "red":255,
                        "green":255,
                        "blue":255,
                        "alpha":0
                    }
                },
                "color":{
                    "red":0,
                    "green":0,
                    "blue":0,
                    "alpha":1
                    }
                },
            {
                "x":62,
                "y":276,
                "width":282,
                "height":20,
                "type":1,
                "verticalFlip":0,
                "horizonFlip":0,
                "angle":0,
                "verticalAlign":0,
                "text":"“长期加盟，零基础培训，欢迎您的加入”",
                "textAlign":0,
                "fontName":"华康方圆体",
                "defaultFontSize":13,
                "lineCount":0,
                "lineSpace":0,
                "characterSpace":1,
                "shadow":{
                    "shadowColor":{
                        "red":0,
                        "green":0,
                        "blue":0,
                        "alpha":0
                    },
                    "opacity":0.2,
                    "shadowOffsetX":2,
                    "shadowOffsetY":3,
                    "shadowRadius":0
                },
                "border":{
                    "borderWidth":1,
                    "borderColor":{
                        "red":255,
                        "green":255,
                        "blue":255,
                        "alpha":0
                    }
                },
                "color":{
                    "red":0,
                    "green":0,
                    "blue":0,
                    "alpha":1
                    }
                }
        ]
    }
}
