{
    "data":{
        "resId":"haibao_57",
        "type":1,
        "name":"微商朋友圈背景可爱风1",
        "canvas":{
            "width":375,
            "height":375,
            "color":{
                "red":255,
                "green":255,
                "blue":255,
                "alpha":1
            }
        },
        "imagePieces":[
            {
                "path":"haibao_57_sucai.png",
                "x":0,
                "y":0,
                "width":375,
                "height":375,
                "verticalFlip":0,
                "horizonFlip":0,
                "angle":0,
                "bgRadius":0
            },
            {
                "path":"haibao_57_heidi.png",
                "x":0,
                "y":0,
                "width":375,
                "height":375,
                "verticalFlip":0,
                "horizonFlip":0,
                "angle":0,
                "bgRadius":0
            },
            {
                "x":35.5,
                "y":148,
                "width":304,
                "height":151,
                "verticalFlip":0,
                "horizonFlip":0,
                "angle":0,
                "bgRadius":0,
                "shadow":{
                    "shadowColor":{
                        "red":255,
                        "green":255,
                        "blue":255,
                        "alpha":1
                    },
                    "opacity":0.2,
                    "shadowOffsetX":2,
                    "shadowOffsetY":3,
                    "shadowRadius":0
                },
                "path":"haibao_57_heikuai.png"
            },
            {
                "x":305,
                "y":156,
                "width":20.8,
                "height":11,
                "verticalFlip":0,
                "horizonFlip":0,
                "angle":0,
                "bgRadius":0,
                "path":"haibao_57_dianchi.png"
            },
            {
                "x":175,
                "y":254.8,
                "width":94,
                "height":18,
                "verticalFlip":0,
                "horizonFlip":0,
                "angle":0,
                "bgRadius":0,
                "path":"haibao_57_juxing1.png"
            },
            {
                "x":124,
                "y":255,
                "width":41,
                "height":16.8,
                "verticalFlip":0,
                "horizonFlip":0,
                "angle":0,
                "bgRadius":0,
                "path":"haibao_57_juxing2.png"
            },
            {
                "x":178,
                "y":260,
                "width":9,
                "height":9,
                "verticalFlip":0,
                "horizonFlip":0,
                "angle":0,
                "bgRadius":4.5,
                "path":"haibao_57_pengyou.png"
            },
            {
                "x":188,
                "y":260,
                "width":9,
                "height":9,
                "verticalFlip":0,
                "horizonFlip":0,
                "angle":0,
                "bgRadius":4.5,
                "path":"haibao_57_pengyou.png"
            },
            {
                "x":198,
                "y":260,
                "width":9,
                "height":9,
                "verticalFlip":0,
                "horizonFlip":0,
                "angle":0,
                "bgRadius":4.5,
                "path":"haibao_57_pengyou.png"
            },
            {
                "x":17,
                "y":135,
                "width":11.7,
                "height":14,
                "verticalFlip":0,
                "horizonFlip":0,
                "angle":0,
                "bgRadius":0,
                "path":"haibao_56_6.png"
            },
            {
                "x":134,
                "y":41,
                "width":158,
                "height":158,
                "verticalFlip":0,
                "horizonFlip":0,
                "angle":0,
                "bgRadius":7,
                "path":"haibao_57_touxiang.png"
            },
            {
                "x":58,
                "y":199,
                "width":56,
                "height":56,
                "verticalFlip":0,
                "horizonFlip":0,
                "angle":0,
                "bgRadius":7,
                "path":"haibao_57_touxiang.png"
            }
        ],
        "textPieces":[
            {
                "x":42.8,
                "y":153.8,
                "width":45,
                "height":14,
                "type":1,
                "verticalFlip":0,
                "horizonFlip":0,
                "angle":0,
                "verticalAlign":0,
                "text":"05:20",
                "textAlign":1,
                "fontName":"",
                "defaultFontSize":12.4,
                "lineCount":0,
                "lineSpace":0,
                "characterSpace":2,
                "shadow":{
                    "shadowColor":{
                        "red":0,
                        "green":0,
                        "blue":0,
                        "alpha":0
                    },
                    "opacity":0.2,
                    "shadowOffsetX":2,
                    "shadowOffsetY":3,
                    "shadowRadius":0
                },
                "border":{
                    "borderWidth":1,
                    "borderColor":{
                        "red":0,
                        "green":0,
                        "blue":0,
                        "alpha":0
                    }
                },
                "color":{
                    "red":255,
                    "green":255,
                    "blue":255,
                    "alpha":1
                    }
                },
            {
                "x":123.7,
                "y":215,
                "width":186,
                "height":22.7,
                "type":1,
                "verticalFlip":0,
                "horizonFlip":0,
                "angle":0,
                "verticalAlign":0,
                "text":"压迫感十足女头",
                "textAlign":0,
                "fontName":"youshe",
                "defaultFontSize":21.6,
                "lineCount":0,
                "lineSpace":0,
                "characterSpace":2,
                "shadow":{
                    "shadowColor":{
                        "red":0,
                        "green":0,
                        "blue":0,
                        "alpha":0
                    },
                    "opacity":0.2,
                    "shadowOffsetX":2,
                    "shadowOffsetY":3,
                    "shadowRadius":0
                },
                "border":{
                    "borderWidth":1,
                    "borderColor":{
                        "red":0,
                        "green":0,
                        "blue":0,
                        "alpha":0
                    }
                },
                "color":{
                    "red":255,
                    "green":255,
                    "blue":255,
                    "alpha":1
                    }
                },
            {
                "x":123.7,
                "y":254.8,
                "width":42.8,
                "height":17,
                "type":1,
                "verticalFlip":0,
                "horizonFlip":0,
                "angle":0,
                "verticalAlign":0,
                "text":"+状态",
                "textAlign":1,
                "fontName":"",
                "defaultFontSize":9.8,
                "lineCount":0,
                "lineSpace":0,
                "characterSpace":2,
                "shadow":{
                    "shadowColor":{
                        "red":0,
                        "green":0,
                        "blue":0,
                        "alpha":0
                    },
                    "opacity":0.2,
                    "shadowOffsetX":2,
                    "shadowOffsetY":3,
                    "shadowRadius":0
                },
                "border":{
                    "borderWidth":1,
                    "borderColor":{
                        "red":0,
                        "green":0,
                        "blue":0,
                        "alpha":0
                    }
                },
                "color":{
                    "red":255,
                    "green":255,
                    "blue":255,
                    "alpha":1
                    }
                },
            {
                "x":208,
                "y":255,
                "width":61.5,
                "height":17,
                "type":1,
                "verticalFlip":0,
                "horizonFlip":0,
                "angle":0,
                "verticalAlign":0,
                "text":"等59个朋友",
                "textAlign":0,
                "fontName":"",
                "defaultFontSize":9.8,
                "lineCount":0,
                "lineSpace":0,
                "characterSpace":2,
                "shadow":{
                    "shadowColor":{
                        "red":0,
                        "green":0,
                        "blue":0,
                        "alpha":0
                    },
                    "opacity":0.2,
                    "shadowOffsetX":2,
                    "shadowOffsetY":3,
                    "shadowRadius":0
                },
                "border":{
                    "borderWidth":1,
                    "borderColor":{
                        "red":0,
                        "green":0,
                        "blue":0,
                        "alpha":0
                    }
                },
                "color":{
                    "red":255,
                    "green":255,
                    "blue":255,
                    "alpha":1
                    }
                }
        ]
    }
}
