{
    "data":{
        "resId":"haibao_5",
        "type":1,
        "name":"微商朋友圈背景可爱风1",
        "canvas":{
            "width":375,
            "height":375,
            "color":{
                "red":255,
                "green":255,
                "blue":255,
                "alpha":1
            }
        },
        "imagePieces":[
            {
                "x":23,
                "y":89,
                "width":340,
                "height":249,
                "verticalFlip":0,
                "horizonFlip":0,
                "angle":0,
                "bgRadius":0,
                "path":"haibao_5_sucai.png"
            },
            {
                "x":28,
                "y":114,
                "width":87,
                "height":87,
                "verticalFlip":0,
                "horizonFlip":0,
                "angle":0,
                "bgRadius":43.5,
                "path":"haibao_5_touxiang.png"
            },
            
            {
                "x":151,
                "y":173,
                "width":11,
                "height":105,
                "verticalFlip":0,
                "horizonFlip":0,
                "angle":0,
                "bgRadius":0,
                "path":"haibao_5_aixin.png"
            }
        ],
        "textPieces":[
            {
                "x":85,
                "y":177,
                "width":214,
                "height":15,
                "type":1,
                "verticalFlip":0,
                "horizonFlip":0,
                "angle":0,
                "verticalAlign":1,
                "text":"。",
                "textAlign":1,
                "fontName":"华康方圆体",
                "defaultFontSize":9,
                "lineCount":1,
                "lineSpace":0,
                "characterSpace":0,
                "shadow":{
                    "shadowColor":{
                        "red":0,
                        "green":0,
                        "blue":0,
                        "alpha":0
                    },
                    "opacity":0.2,
                    "shadowOffsetX":2,
                    "shadowOffsetY":3,
                    "shadowRadius":0
                },
                "border":{
                    "borderWidth":1,
                    "borderColor":{
                        "red":255,
                        "green":255,
                        "blue":255,
                        "alpha":0
                    }
                },
                "color":{
                    "red":0,
                    "green":0,
                    "blue":0,
                    "alpha":1
                }
            }
        ]
    }
}
