{
    "data":{
        "resId":"haibao_5",
        "type":1,
        "name":"微商朋友圈背景可爱风1",
        "canvas":{
            "width":375,
            "height":375,
            "color":{
                "red":255,
                "green":255,
                "blue":255,
                "alpha":1
            }
        },
        "imagePieces":[
            {
                "x":23,
                "y":89,
                "width":340,
                "height":249,
                "verticalFlip":0,
                "horizonFlip":0,
                "angle":0,
                "bgRadius":0,
                "path":"haibao_5_sucai.png"
            },
            {
                "x":28,
                "y":114,
                "width":87,
                "height":87,
                "verticalFlip":0,
                "horizonFlip":0,
                "angle":0,
                "bgRadius":43.5,
                "path":"haibao_5_touxiang.png"
            },
            {
                "x":151,
                "y":173,
                "width":11,
                "height":9.8,
                "verticalFlip":0,
                "horizonFlip":0,
                "angle":0,
                "bgRadius":0,
                "path":"haibao_5_aixin.png"
            },
            {
                "x":151,
                "y":192,
                "width":11,
                "height":9.8,
                "verticalFlip":0,
                "horizonFlip":0,
                "angle":0,
                "bgRadius":0,
                "path":"haibao_5_aixin.png"
            },
            {
                "x":151,
                "y":211,
                "width":11,
                "height":9.8,
                "verticalFlip":0,
                "horizonFlip":0,
                "angle":0,
                "bgRadius":0,
                "path":"haibao_5_aixin.png"
            },
            {
                "x":151,
                "y":230,
                "width":11,
                "height":105,
                "verticalFlip":0,
                "horizonFlip":0,
                "angle":0,
                "bgRadius":0,
                "path":"haibao_5_aixin.png"
            },
            {
                "x":151,
                "y":249,
                "width":11,
                "height":105,
                "verticalFlip":0,
                "horizonFlip":0,
                "angle":0,
                "bgRadius":0,
                "path":"haibao_5_aixin.png"
            },
            {
                "x":151,
                "y":268,
                "width":11,
                "height":105,
                "verticalFlip":0,
                "horizonFlip":0,
                "angle":0,
                "bgRadius":0,
                "path":"haibao_5_aixin.png"
            }
        ],
        "textPieces":[
            {
                "x":163,
                "y":140,
                "width":147,
                "height":13,
                "type":1,
                "verticalFlip":0,
                "horizonFlip":0,
                "angle":0,
                "verticalAlign":1,
                "text":"宅家母婴用品专用店",
                "textAlign":1,
                "fontName":"华康方圆体",
                "defaultFontSize":13,
                "lineCount":1,
                "lineSpace":0,
                "characterSpace":0,
                "shadow":{
                    "shadowColor":{
                        "red":0,
                        "green":0,
                        "blue":0,
                        "alpha":0
                    },
                    "opacity":0.2,
                    "shadowOffsetX":2,
                    "shadowOffsetY":3,
                    "shadowRadius":0
                },
                "border":{
                    "borderWidth":1,
                    "borderColor":{
                        "red":255,
                        "green":255,
                        "blue":255,
                        "alpha":0
                    }
                },
                "color":{
                    "red":255,
                    "green":177,
                    "blue":213,
                    "alpha":1
                }
            },
            {
                "x":166,
                "y":191,
                "width":160,
                "height":13,
                "type":1,
                "verticalFlip":0,
                "horizonFlip":0,
                "angle":0,
                "verticalAlign":1,
                "text":"亲派纸尿裤、一体裤、纸尿裤",
                "textAlign":1,
                "fontName":"华康方圆体",
                "defaultFontSize":12,
                "lineCount":1,
                "lineSpace":0,
                "characterSpace":0,
                "shadow":{
                    "shadowColor":{
                        "red":0,
                        "green":0,
                        "blue":0,
                        "alpha":0
                    },
                    "opacity":0.2,
                    "shadowOffsetX":2,
                    "shadowOffsetY":3,
                    "shadowRadius":0
                },
                "border":{
                    "borderWidth":1,
                    "borderColor":{
                        "red":255,
                        "green":255,
                        "blue":255,
                        "alpha":0
                    }
                },
                "color":{
                    "red":0,
                    "green":0,
                    "blue":0,
                    "alpha":1
                }
            },
            {
                "x":166,
                "y":172,
                "width":160,
                "height":13,
                "type":1,
                "verticalFlip":0,
                "horizonFlip":0,
                "angle":0,
                "verticalAlign":1,
                "text":"主营产品：",
                "textAlign":1,
                "fontName":"华康方圆体",
                "defaultFontSize":12,
                "lineCount":1,
                "lineSpace":0,
                "characterSpace":0,
                "shadow":{
                    "shadowColor":{
                        "red":0,
                        "green":0,
                        "blue":0,
                        "alpha":0
                    },
                    "opacity":0.2,
                    "shadowOffsetX":2,
                    "shadowOffsetY":3,
                    "shadowRadius":0
                },
                "border":{
                    "borderWidth":1,
                    "borderColor":{
                        "red":255,
                        "green":255,
                        "blue":255,
                        "alpha":0
                    }
                },
                "color":{
                    "red":0,
                    "green":0,
                    "blue":0,
                    "alpha":1
                }
            },
            {
                "x":166,
                "y":210,
                "width":160,
                "height":13,
                "type":1,
                "verticalFlip":0,
                "horizonFlip":0,
                "angle":0,
                "verticalAlign":1,
                "text":"悦动纸尿裤拉拉裤",
                "textAlign":1,
                "fontName":"华康方圆体",
                "defaultFontSize":12,
                "lineCount":1,
                "lineSpace":0,
                "characterSpace":0,
                "shadow":{
                    "shadowColor":{
                        "red":0,
                        "green":0,
                        "blue":0,
                        "alpha":0
                    },
                    "opacity":0.2,
                    "shadowOffsetX":2,
                    "shadowOffsetY":3,
                    "shadowRadius":0
                },
                "border":{
                    "borderWidth":1,
                    "borderColor":{
                        "red":255,
                        "green":255,
                        "blue":255,
                        "alpha":0
                    }
                },
                "color":{
                    "red":0,
                    "green":0,
                    "blue":0,
                    "alpha":1
                }
            },
            {
                "x":166,
                "y":229,
                "width":160,
                "height":13,
                "type":1,
                "verticalFlip":0,
                "horizonFlip":0,
                "angle":0,
                "verticalAlign":1,
                "text":"亲派湿巾、柔纸巾、棉柔巾",
                "textAlign":1,
                "fontName":"华康方圆体",
                "defaultFontSize":12,
                "lineCount":1,
                "lineSpace":0,
                "characterSpace":0,
                "shadow":{
                    "shadowColor":{
                        "red":0,
                        "green":0,
                        "blue":0,
                        "alpha":0
                    },
                    "opacity":0.2,
                    "shadowOffsetX":2,
                    "shadowOffsetY":3,
                    "shadowRadius":0
                },
                "border":{
                    "borderWidth":1,
                    "borderColor":{
                        "red":255,
                        "green":255,
                        "blue":255,
                        "alpha":0
                    }
                },
                "color":{
                    "red":0,
                    "green":0,
                    "blue":0,
                    "alpha":1
                }
            },
            {
                "x":166,
                "y":248,
                "width":160,
                "height":13,
                "type":1,
                "verticalFlip":0,
                "horizonFlip":0,
                "angle":0,
                "verticalAlign":1,
                "text":"亲家电蚊香液 亲派卫生巾",
                "textAlign":1,
                "fontName":"华康方圆体",
                "defaultFontSize":12,
                "lineCount":1,
                "lineSpace":0,
                "characterSpace":0,
                "shadow":{
                    "shadowColor":{
                        "red":0,
                        "green":0,
                        "blue":0,
                        "alpha":0
                    },
                    "opacity":0.2,
                    "shadowOffsetX":2,
                    "shadowOffsetY":3,
                    "shadowRadius":0
                },
                "border":{
                    "borderWidth":1,
                    "borderColor":{
                        "red":255,
                        "green":255,
                        "blue":255,
                        "alpha":0
                    }
                },
                "color":{
                    "red":0,
                    "green":0,
                    "blue":0,
                    "alpha":1
                }
            },
            {
                "x":166,
                "y":267,
                "width":160,
                "height":13,
                "type":1,
                "verticalFlip":0,
                "horizonFlip":0,
                "angle":0,
                "verticalAlign":1,
                "text":"安睡裤、亲派宝宝洗护用品等",
                "textAlign":1,
                "fontName":"华康方圆体",
                "defaultFontSize":12,
                "lineCount":1,
                "lineSpace":0,
                "characterSpace":0,
                "shadow":{
                    "shadowColor":{
                        "red":0,
                        "green":0,
                        "blue":0,
                        "alpha":0
                    },
                    "opacity":0.2,
                    "shadowOffsetX":2,
                    "shadowOffsetY":3,
                    "shadowRadius":0
                },
                "border":{
                    "borderWidth":1,
                    "borderColor":{
                        "red":255,
                        "green":255,
                        "blue":255,
                        "alpha":0
                    }
                },
                "color":{
                    "red":0,
                    "green":0,
                    "blue":0,
                    "alpha":1
                }
            }
        ]
    }
}
