{
    "data":{
        "resId":"haibao_13",
        "type":1,
        "name":"微商朋友圈背景可爱风1",
        "canvas":{
            "width":375,
            "height":375,
            "color":{
                "red":255,
                "green":252,
                "blue":247,
                "alpha":1
            }
        },
        "imagePieces":[
            {
                "x":0,
                "y":0,
                "width":375,
                "height":375,
                "verticalFlip":0,
                "horizonFlip":0,
                "angle":0,
                "bgRadius":0,
                "path":"haibao_13_sucai.png"
            }
        ],
        "textPieces":[
            {
                "x":112,
                "y":77,
                "width":163,
                "height":38,
                "type":1,
                "verticalFlip":0,
                "horizonFlip":0,
                "angle":0,
                "verticalAlign":0,
                "text":"妮妮小店",
                "textAlign":0,
                "fontName":"华康方圆体",
                "defaultFontSize":30,
                "lineCount":0,
                "lineSpace":0,
                "characterSpace":2,
                "shadow":{
                    "shadowColor":{
                        "red":0,
                        "green":0,
                        "blue":0,
                        "alpha":0
                    },
                    "opacity":0.2,
                    "shadowOffsetX":2,
                    "shadowOffsetY":3,
                    "shadowRadius":0
                },
                "border":{
                    "borderWidth":1,
                    "borderColor":{
                        "red":200,
                        "green":107,
                        "blue":107,
                        "alpha":1
                    }
                },
                "color":{
                    "red":255,
                    "green":255,
                    "blue":255,
                    "alpha":1
                    }
                },
            {
                "x":63,
                "y":126,
                "width":248,
                "height":105,
                "type":1,
                "verticalFlip":0,
                "horizonFlip":0,
                "angle":0,
                "verticalAlign":0,
                "text":"本店不议价\n商品无质量问题不退不换\n全网最低价格，不接急单，不卖玻璃心\n本店支持 微信 支付宝 花呗 信用卡付款",
                "textAlign":0,
                "fontName":"华康方圆体",
                "defaultFontSize":11,
                "lineCount":4,
                "lineSpace":10,
                "characterSpace":1,
                "shadow":{
                    "shadowColor":{
                        "red":0,
                        "green":0,
                        "blue":0,
                        "alpha":0
                    },
                    "opacity":0.2,
                    "shadowOffsetX":2,
                    "shadowOffsetY":3,
                    "shadowRadius":0
                },
                "border":{
                    "borderWidth":1,
                    "borderColor":{
                        "red":255,
                        "green":255,
                        "blue":255,
                        "alpha":0
                    }
                },
                "color":{
                    "red":0,
                    "green":0,
                    "blue":0,
                    "alpha":1
                    }
                },
            {
                "x":131,
                "y":241,
                "width":122,
                "height":16,
                "type":1,
                "verticalFlip":0,
                "horizonFlip":0,
                "angle":0,
                "verticalAlign":0,
                "text":"一店：XXXXXXXXX",
                "textAlign":0,
                "fontName":"华康方圆体",
                "defaultFontSize":11,
                "lineCount":0,
                "lineSpace":0,
                "characterSpace":1,
                "shadow":{
                    "shadowColor":{
                        "red":0,
                        "green":0,
                        "blue":0,
                        "alpha":0
                    },
                    "opacity":0.2,
                    "shadowOffsetX":2,
                    "shadowOffsetY":3,
                    "shadowRadius":0
                },
                "border":{
                    "borderWidth":1,
                    "borderColor":{
                        "red":255,
                        "green":255,
                        "blue":255,
                        "alpha":0
                    }
                },
                "color":{
                    "red":255,
                    "green":255,
                    "blue":255,
                    "alpha":1
                    }
                }
        ]
    }
}
