{
    "data":{
        "resId":"haibao_11",
        "type":1,
        "name":"微商朋友圈背景可爱风1",
        "canvas":{
            "width":375,
            "height":375,
            "color":{
                "red":255,
                "green":255,
                "blue":255,
                "alpha":1
            }
        },
        "imagePieces":[
            {
                "x":0,
                "y":0,
                "width":375,
                "height":375,
                "verticalFlip":0,
                "horizonFlip":0,
                "angle":0,
                "bgRadius":0,
                "path":"haibao_11_sucai.png"
            },
            {
                "x":159,
                "y":152,
                "width":9.5,
                "height":8,
                "verticalFlip":0,
                "horizonFlip":0,
                "angle":0,
                "bgRadius":0,
                "path":"haibao_11_aixin.png"
            },
            {
                "x":159,
                "y":174,
                "width":9.5,
                "height":8,
                "verticalFlip":0,
                "horizonFlip":0,
                "angle":0,
                "bgRadius":0,
                "path":"haibao_11_aixin.png"
            },
            {
                "x":159,
                "y":196,
                "width":9.5,
                "height":8,
                "verticalFlip":0,
                "horizonFlip":0,
                "angle":0,
                "bgRadius":0,
                "path":"haibao_11_aixin.png"
            },
            {
                "x":159,
                "y":240,
                "width":9.5,
                "height":8,
                "verticalFlip":0,
                "horizonFlip":0,
                "angle":0,
                "bgRadius":0,
                "path":"haibao_11_aixin.png"
            },
            {
                "x":159,
                "y":262,
                "width":9.5,
                "height":8,
                "verticalFlip":0,
                "horizonFlip":0,
                "angle":0,
                "bgRadius":0,
                "path":"haibao_11_aixin.png"
            }
        ],
        "textPieces":[
            {
                "x":170,
                "y":149,
                "width":150,
                "height":12,
                "type":1,
                "verticalFlip":0,
                "horizonFlip":0,
                "angle":0,
                "verticalAlign":0,
                "text":"全国统一10元运费",
                "textAlign":0,
                "fontName":"华康方圆体",
                "defaultFontSize":10.8,
                "lineCount":6,
                "lineSpace":10.5,
                "characterSpace":2.5,
                "shadow":{
                    "shadowColor":{
                        "red":0,
                        "green":0,
                        "blue":0,
                        "alpha":0
                    },
                    "opacity":0.2,
                    "shadowOffsetX":2,
                    "shadowOffsetY":3,
                    "shadowRadius":0
                },
                "border":{
                    "borderWidth":1,
                    "borderColor":{
                        "red":255,
                        "green":255,
                        "blue":255,
                        "alpha":0
                    }
                },
                "color":{
                    "red":0,
                    "green":0,
                    "blue":0,
                    "alpha":1
                    }
                },
            {
                "x":170,
                "y":170,
                "width":150,
                "height":12,
                "type":1,
                "verticalFlip":0,
                "horizonFlip":0,
                "angle":0,
                "verticalAlign":0,
                "text":"非质量问题不退不换",
                "textAlign":0,
                "fontName":"华康方圆体",
                "defaultFontSize":10.8,
                "lineCount":6,
                "lineSpace":10.5,
                "characterSpace":2.5,
                "shadow":{
                    "shadowColor":{
                        "red":0,
                        "green":0,
                        "blue":0,
                        "alpha":0
                    },
                    "opacity":0.2,
                    "shadowOffsetX":2,
                    "shadowOffsetY":3,
                    "shadowRadius":0
                },
                "border":{
                    "borderWidth":1,
                    "borderColor":{
                        "red":255,
                        "green":255,
                        "blue":255,
                        "alpha":0
                    }
                },
                "color":{
                    "red":0,
                    "green":0,
                    "blue":0,
                    "alpha":1
                    }
                },
            {
                "x":170,
                "y":191,
                "width":150,
                "height":12,
                "type":1,
                "verticalFlip":0,
                "horizonFlip":0,
                "angle":0,
                "verticalAlign":0,
                "text":"不接急单，现货1-3天发货",
                "textAlign":0,
                "fontName":"华康方圆体",
                "defaultFontSize":10.8,
                "lineCount":6,
                "lineSpace":10.5,
                "characterSpace":2.5,
                "shadow":{
                    "shadowColor":{
                        "red":0,
                        "green":0,
                        "blue":0,
                        "alpha":0
                    },
                    "opacity":0.2,
                    "shadowOffsetX":2,
                    "shadowOffsetY":3,
                    "shadowRadius":0
                },
                "border":{
                    "borderWidth":1,
                    "borderColor":{
                        "red":255,
                        "green":255,
                        "blue":255,
                        "alpha":0
                    }
                },
                "color":{
                    "red":0,
                    "green":0,
                    "blue":0,
                    "alpha":1
                    }
                },
            {
                "x":170,
                "y":212,
                "width":150,
                "height":12,
                "type":1,
                "verticalFlip":0,
                "horizonFlip":0,
                "angle":0,
                "verticalAlign":0,
                "text":"诚招代理，一件代发",
                "textAlign":0,
                "fontName":"华康方圆体",
                "defaultFontSize":10.8,
                "lineCount":6,
                "lineSpace":10.5,
                "characterSpace":2.5,
                "shadow":{
                    "shadowColor":{
                        "red":0,
                        "green":0,
                        "blue":0,
                        "alpha":0
                    },
                    "opacity":0.2,
                    "shadowOffsetX":2,
                    "shadowOffsetY":3,
                    "shadowRadius":0
                },
                "border":{
                    "borderWidth":1,
                    "borderColor":{
                        "red":255,
                        "green":255,
                        "blue":255,
                        "alpha":0
                    }
                },
                "color":{
                    "red":0,
                    "green":0,
                    "blue":0,
                    "alpha":1
                    }
                },
            {
                "x":170,
                "y":233,
                "width":150,
                "height":12,
                "type":1,
                "verticalFlip":0,
                "horizonFlip":0,
                "angle":0,
                "verticalAlign":0,
                "text":"欢迎志同道合的你加入我的团队",
                "textAlign":0,
                "fontName":"华康方圆体",
                "defaultFontSize":10.8,
                "lineCount":6,
                "lineSpace":10.5,
                "characterSpace":2.5,
                "shadow":{
                    "shadowColor":{
                        "red":0,
                        "green":0,
                        "blue":0,
                        "alpha":0
                    },
                    "opacity":0.2,
                    "shadowOffsetX":2,
                    "shadowOffsetY":3,
                    "shadowRadius":0
                },
                "border":{
                    "borderWidth":1,
                    "borderColor":{
                        "red":255,
                        "green":255,
                        "blue":255,
                        "alpha":0
                    }
                },
                "color":{
                    "red":0,
                    "green":0,
                    "blue":0,
                    "alpha":1
                    }
                },
                {
                    "x":169,
                    "y":122,
                    "width":113,
                    "height":12,
                    "type":1,
                    "verticalFlip":0,
                    "horizonFlip":0,
                    "angle":0,
                    "verticalAlign":1,
                    "text":"主营：代购母婴产品",
                    "textAlign":1,
                    "fontName":"华康方圆体",
                    "defaultFontSize":12,
                    "lineCount":1,
                    "lineSpace":0,
                    "characterSpace":2,
                    "shadow":{
                        "shadowColor":{
                            "red":0,
                            "green":0,
                            "blue":0,
                            "alpha":0
                        },
                        "opacity":0.2,
                        "shadowOffsetX":2,
                        "shadowOffsetY":3,
                        "shadowRadius":0
                    },
                    "border":{
                        "borderWidth":1,
                        "borderColor":{
                            "red":0,
                            "green":0,
                            "blue":0,
                            "alpha":0
                        }
                    },
                    "color":{
                        "red":0,
                        "green":0,
                        "blue":0,
                        "alpha":1
                    }
            },
            {
                    "x":60,
                    "y":233,
                    "width":72,
                    "height":16,
                    "type":1,
                    "verticalFlip":0,
                    "horizonFlip":0,
                    "angle":0,
                    "verticalAlign":0,
                    "text":"豆豆妈严选",
                    "textAlign":1,
                    "fontName":"华康方圆体",
                    "defaultFontSize":13,
                    "lineCount":3,
                    "lineSpace":5,
                    "characterSpace":2,
                    "shadow":{
                        "shadowColor":{
                            "red":0,
                            "green":0,
                            "blue":0,
                            "alpha":0
                        },
                        "opacity":0.2,
                        "shadowOffsetX":2,
                        "shadowOffsetY":3,
                        "shadowRadius":0
                    },
                    "border":{
                        "borderWidth":1,
                        "borderColor":{
                            "red":0,
                            "green":0,
                            "blue":0,
                            "alpha":0
                        }
                    },
                    "color":{
                        "red":0,
                        "green":0,
                        "blue":0,
                        "alpha":1
                        }
                    },
                    {
                        "x":142,
                        "y":251,
                        "width":209,
                        "height":15,
                        "type":1,
                        "verticalFlip":0,
                        "horizonFlip":0,
                        "angle":0,
                        "verticalAlign":1,
                        "text":"以妈妈之名，做宝宝之物",
                        "textAlign":1,
                        "fontName":"华康方圆体",
                        "defaultFontSize":16,
                        "lineCount":4,
                        "lineSpace":6,
                        "characterSpace":2,
                        "shadow":{
                            "shadowColor":{
                                "red":0,
                                "green":0,
                                "blue":0,
                                "alpha":0
                            },
                            "opacity":0.2,
                            "shadowOffsetX":2,
                            "shadowOffsetY":3,
                            "shadowRadius":0
                        },
                        "border":{
                            "borderWidth":1,
                            "borderColor":{
                                "red":255,
                                "green":255,
                                "blue":255,
                                "alpha":0
                            }
                        },
                        "color":{
                            "red":0,
                            "green":0,
                            "blue":0,
                            "alpha":1
                        }
                }
        ]
    }
}
