{
    "data":{
        "resId":"haibao_8",
        "type":1,
        "name":"微商朋友圈背景可爱风1",
        "canvas":{
            "width":375,
            "height":375,
            "color":{
                "red":248,
                "green":224,
                "blue":217,
                "alpha":1
            }
        },
        "imagePieces":[
            {
                "path":"haibao_8_sucai.png",
                "x":0,
                "y":0,
                "width":375,
                "height":375,
                "verticalFlip":0,
                "horizonFlip":0,
                "angle":0,
                "bgRadius":0
            },
            {
                "x":80,
                "y":159,
                "width":13,
                "height":14,
                "verticalFlip":0,
                "horizonFlip":0,
                "angle":0,
                "bgRadius":0,
                "path":"haibao_8_ji.png"
            },
            {
                "x":80,
                "y":185,
                "width":13,
                "height":14,
                "verticalFlip":0,
                "horizonFlip":0,
                "angle":0,
                "bgRadius":0,
                "path":"haibao_8_ji.png"
            },
            {
                "x":80,
                "y":211,
                "width":13,
                "height":14,
                "verticalFlip":0,
                "horizonFlip":0,
                "angle":0,
                "bgRadius":0,
                "path":"haibao_8_ji.png"
            },
            {
                "x":80,
                "y":237,
                "width":13,
                "height":14,
                "verticalFlip":0,
                "horizonFlip":0,
                "angle":0,
                "bgRadius":0,
                "path":"haibao_8_ji.png"
            },
            {
                "x":80,
                "y":263,
                "width":13,
                "height":14,
                "verticalFlip":0,
                "horizonFlip":0,
                "angle":0,
                "bgRadius":0,
                "path":"haibao_8_ji.png"
            }
        ],
        "textPieces":[
            {
                "x":96,
                "y":162,
                "width":207,
                "height":10,
                "type":1,
                "verticalFlip":0,
                "horizonFlip":0,
                "angle":0,
                "verticalAlign":0,
                "text":"用心做微商5年老店，你想要的我都有",
                "textAlign":0,
                "fontName":"华康方圆体",
                "defaultFontSize":10,
                "lineCount":0,
                "lineSpace":0,
                "characterSpace":3,
                "shadow":{
                    "shadowColor":{
                        "red":0,
                        "green":0,
                        "blue":0,
                        "alpha":0
                    },
                    "opacity":0.2,
                    "shadowOffsetX":2,
                    "shadowOffsetY":3,
                    "shadowRadius":0
                },
                "border":{
                    "borderWidth":1,
                    "borderColor":{
                        "red":255,
                        "green":255,
                        "blue":255,
                        "alpha":0
                    }
                },
                "color":{
                    "red":0,
                    "green":0,
                    "blue":0,
                    "alpha":1
                    }
                },
            {
                "x":96,
                "y":189,
                "width":207,
                "height":10,
                "type":1,
                "verticalFlip":0,
                "horizonFlip":0,
                "angle":0,
                "verticalAlign":0,
                "text":"全网最低价格，不接急单，不卖玻璃心",
                "textAlign":0,
                "fontName":"华康方圆体",
                "defaultFontSize":10,
                "lineCount":0,
                "lineSpace":0,
                "characterSpace":3,
                "shadow":{
                    "shadowColor":{
                        "red":0,
                        "green":0,
                        "blue":0,
                        "alpha":0
                    },
                    "opacity":0.2,
                    "shadowOffsetX":2,
                    "shadowOffsetY":3,
                    "shadowRadius":0
                },
                "border":{
                    "borderWidth":1,
                    "borderColor":{
                        "red":255,
                        "green":255,
                        "blue":255,
                        "alpha":0
                    }
                },
                "color":{
                    "red":0,
                    "green":0,
                    "blue":0,
                    "alpha":1
                    }
                },
            {
                "x":96,
                "y":216,
                "width":207,
                "height":10,
                "type":1,
                "verticalFlip":0,
                "horizonFlip":0,
                "angle":0,
                "verticalAlign":0,
                "text":"有百家生产线纯实拍纯分享",
                "textAlign":0,
                "fontName":"华康方圆体",
                "defaultFontSize":10,
                "lineCount":0,
                "lineSpace":0,
                "characterSpace":3,
                "shadow":{
                    "shadowColor":{
                        "red":0,
                        "green":0,
                        "blue":0,
                        "alpha":0
                    },
                    "opacity":0.2,
                    "shadowOffsetX":2,
                    "shadowOffsetY":3,
                    "shadowRadius":0
                },
                "border":{
                    "borderWidth":1,
                    "borderColor":{
                        "red":255,
                        "green":255,
                        "blue":255,
                        "alpha":0
                    }
                },
                "color":{
                    "red":0,
                    "green":0,
                    "blue":0,
                    "alpha":1
                    }
                },
            {
                "x":96,
                "y":243,
                "width":207,
                "height":10,
                "type":1,
                "verticalFlip":0,
                "horizonFlip":0,
                "angle":0,
                "verticalAlign":0,
                "text":"全国招代理支持一件代发",
                "textAlign":0,
                "fontName":"华康方圆体",
                "defaultFontSize":10,
                "lineCount":0,
                "lineSpace":0,
                "characterSpace":3,
                "shadow":{
                    "shadowColor":{
                        "red":0,
                        "green":0,
                        "blue":0,
                        "alpha":0
                    },
                    "opacity":0.2,
                    "shadowOffsetX":2,
                    "shadowOffsetY":3,
                    "shadowRadius":0
                },
                "border":{
                    "borderWidth":1,
                    "borderColor":{
                        "red":255,
                        "green":255,
                        "blue":255,
                        "alpha":0
                    }
                },
                "color":{
                    "red":0,
                    "green":0,
                    "blue":0,
                    "alpha":1
                    }
                },
            {
                "x":96,
                "y":270,
                "width":207,
                "height":10,
                "type":1,
                "verticalFlip":0,
                "horizonFlip":0,
                "angle":0,
                "verticalAlign":0,
                "text":"关于售后：无质量问题不退换",
                "textAlign":0,
                "fontName":"华康方圆体",
                "defaultFontSize":10,
                "lineCount":0,
                "lineSpace":0,
                "characterSpace":3,
                "shadow":{
                    "shadowColor":{
                        "red":0,
                        "green":0,
                        "blue":0,
                        "alpha":0
                    },
                    "opacity":0.2,
                    "shadowOffsetX":2,
                    "shadowOffsetY":3,
                    "shadowRadius":0
                },
                "border":{
                    "borderWidth":1,
                    "borderColor":{
                        "red":255,
                        "green":255,
                        "blue":255,
                        "alpha":0
                    }
                },
                "color":{
                    "red":0,
                    "green":0,
                    "blue":0,
                    "alpha":1
                    }
                },
                {
                    "x":80,
                    "y":307,
                    "width":243,
                    "height":18,
                    "type":1,
                    "verticalFlip":0,
                    "horizonFlip":0,
                    "angle":0,
                    "verticalAlign":1,
                    "text":"24小时在线，欢迎来撩～",
                    "textAlign":1,
                    "fontName":"华康方圆体",
                    "defaultFontSize":18,
                    "lineCount":3,
                    "lineSpace":0,
                    "characterSpace":3,
                    "shadow":{
                        "shadowColor":{
                            "red":0,
                            "green":0,
                            "blue":0,
                            "alpha":0
                        },
                        "opacity":0.2,
                        "shadowOffsetX":2,
                        "shadowOffsetY":3,
                        "shadowRadius":0
                    },
                    "border":{
                        "borderWidth":1,
                        "borderColor":{
                            "red":0,
                            "green":0,
                            "blue":0,
                            "alpha":1
                        }
                    },
                    "color":{
                        "red":238,
                        "green":196,
                        "blue":21,
                        "alpha":1
                    }
            },
            {
                    "x":99,
                    "y":135,
                    "width":169,
                    "height":15,
                    "type":1,
                    "verticalFlip":0,
                    "horizonFlip":0,
                    "angle":0,
                    "verticalAlign":0,
                    "text":"主营：美妆、护肤、衣服",
                    "textAlign":1,
                    "fontName":"华康方圆体",
                    "defaultFontSize":15,
                    "lineCount":0,
                    "lineSpace":0,
                    "characterSpace":0,
                    "shadow":{
                        "shadowColor":{
                            "red":0,
                            "green":0,
                            "blue":0,
                            "alpha":0
                        },
                        "opacity":0.2,
                        "shadowOffsetX":2,
                        "shadowOffsetY":3,
                        "shadowRadius":0
                    },
                    "border":{
                        "borderWidth":1,
                        "borderColor":{
                            "red":0,
                            "green":0,
                            "blue":0,
                            "alpha":1
                        }
                    },
                    "color":{
                        "red":255,
                        "green":255,
                        "blue":255,
                        "alpha":1
                        }
                    },
                    {
                        "x":153,
                        "y":117,
                        "width":78,
                        "height":10,
                        "type":1,
                        "verticalFlip":0,
                        "horizonFlip":0,
                        "angle":0,
                        "verticalAlign":1,
                        "text":"COCO@杂货铺",
                        "textAlign":1,
                        "fontName":"华康方圆体",
                        "defaultFontSize":10,
                        "lineCount":3,
                        "lineSpace":0,
                        "characterSpace":3,
                        "shadow":{
                            "shadowColor":{
                                "red":0,
                                "green":0,
                                "blue":0,
                                "alpha":0
                            },
                            "opacity":0.2,
                            "shadowOffsetX":2,
                            "shadowOffsetY":3,
                            "shadowRadius":0
                        },
                        "border":{
                            "borderWidth":1,
                            "borderColor":{
                                "red":255,
                                "green":255,
                                "blue":255,
                                "alpha":0
                            }
                        },
                        "color":{
                            "red":0,
                            "green":0,
                            "blue":0,
                            "alpha":1
                        }
                }
        ]
    }
}
