{
    "data" : {
        "resId":"20211017220900",
        "version":"1.0.0",
        "type":1,
        "name":"mj第八个水印",
        "thumbPath":"http://tianxianbob.com/Xingye710_Page/sy_keai_01/thumb_mj1.png",
        "canvas":{
            "width":240,
            "height":240,
            "cornerRadius":0,
            "color":{
                "red":255,
                "green":255,
                "blue":255,
                "alpha":0
            }
        },
        "imagePieces":[
            {
                "x":0,
                "y":35.5,
                "width":240,
                "height":167.5,
                "verticalFlip":0,
                "horizonFlip":0,
                "offsetX":0,
                "offsetY":0,
                "angle":0,
                "path":"sy_keai_01/img_sec1.png"
            }
        ],
        "textPieces":[
            {
                "x":25,
                "y":85.5,
                "width":83,
                "height":83,
                "type":1,
                "verticalFlip":0,
                "horizonFlip":0,
                "angle":0,
                "offsetX":0,
                "offsetY":0,
                "verticalAlign":1,
                "text":"水",
                "textAlign":1,
                "fontName":"华康方圆体",
                "defaultFontSize":71.5,
                "maxCount":1,
                "lineCount":1,
                "lineSpace":0,
                "characterSpace":0,
                "shadow":{
                    "shadowColor": {
                        "red":0,
                        "green":0,
                        "blue":0,
                        "alpha":0.3
                    },
                    "opacity":0.2,
                    "shadowOffsetX":2,
                    "shadowOffsetY":3,
                    "shadowRadius":0
                },
                "border":{
                    "borderWidth":2,
                    "borderColor":{
                        "red":255,
                        "green":255,
                        "blue":255,
                        "alpha":1
                    }
                },
                "color":{
                    "red":190,
                    "green":234,
                    "blue":255,
                    "alpha":1
                }
            },
            {
                "x":124,
                "y":85.5,
                "width":83,
                "height":83,
                "type":1,
                "verticalFlip":0,
                "horizonFlip":0,
                "angle":0,
                "offsetX":0,
                "offsetY":0,
                "verticalAlign":1,
                "text":"印",
                "textAlign":1,
                "fontName":"华康方圆体",
                "defaultFontSize":71.5,
                "maxCount":1,
                "lineCount":1,
                "lineSpace":0,
                "characterSpace":0,
                "shadow":{
                    "shadowColor": {
                        "red":0,
                        "green":0,
                        "blue":0,
                        "alpha":0.3
                    },
                    "opacity":0.2,
                    "shadowOffsetX":2,
                    "shadowOffsetY":3,
                    "shadowRadius":0
                },
                "border":{
                    "borderWidth":2,
                    "borderColor":{
                        "red":255,
                        "green":255,
                        "blue":255,
                        "alpha":1
                    }
                },
                "color":{
                    "red":137,
                    "green":236,
                    "blue":255,
                    "alpha":1
                }
            }
            
        ]
    }
}
