{
    "data":{
        "resId":"haibao_44",
        "type":1,
        "name":"微商朋友圈背景可爱风1",
        "canvas":{
            "width":375,
            "height":375,
            "color":{
                "red":255,
                "green":255,
                "blue":255,
                "alpha":1
            }
        },
        "imagePieces":[
            {
                "path":"haibao_44_sucai.png",
                "x":0,
                "y":0,
                "width":375,
                "height":375,
                "verticalFlip":0,
                "horizonFlip":0,
                "angle":0,
                "bgRadius":0
            },
            {
                "x":22,
                "y":103,
                "width":110,
                "height":110,
                "verticalFlip":0,
                "horizonFlip":0,
                "angle":0,
                "bgRadius":55,
                "path":"haibao_44_touxiang.png"
            },
            {
                "x":152,
                "y":127,
                "width":11,
                "height":11,
                "verticalFlip":0,
                "horizonFlip":0,
                "angle":0,
                "bgRadius":0,
                "path":"haibao_44_1.png"
            },
            {
                "x":152,
                "y":148,
                "width":11,
                "height":11,
                "verticalFlip":0,
                "horizonFlip":0,
                "angle":0,
                "bgRadius":0,
                "path":"haibao_44_1.png"
            },
            {
                "x":152,
                "y":169,
                "width":11,
                "height":11,
                "verticalFlip":0,
                "horizonFlip":0,
                "angle":0,
                "bgRadius":0,
                "path":"haibao_44_1.png"
            },
            {
                "x":152,
                "y":190,
                "width":11,
                "height":11,
                "verticalFlip":0,
                "horizonFlip":0,
                "angle":0,
                "bgRadius":0,
                "path":"haibao_44_1.png"
            },
            {
                "x":152,
                "y":211,
                "width":11,
                "height":11,
                "verticalFlip":0,
                "horizonFlip":0,
                "angle":0,
                "bgRadius":0,
                "path":"haibao_44_1.png"
            },
            {
                "x":152,
                "y":232,
                "width":11,
                "height":11,
                "verticalFlip":0,
                "horizonFlip":0,
                "angle":0,
                "bgRadius":0,
                "path":"haibao_44_1.png"
            }
        ],
        "textPieces":[
            {
                "x":151,
                "y":92,
                "width":223,
                "height":27,
                "type":1,
                "verticalFlip":0,
                "horizonFlip":0,
                "angle":0,
                "verticalAlign":0,
                "text":"芒果零食店",
                "textAlign":0,
                "fontName":"华康方圆体",
                "defaultFontSize":21,
                "lineCount":0,
                "lineSpace":0,
                "characterSpace":2,
                "shadow":{
                    "shadowColor":{
                        "red":0,
                        "green":0,
                        "blue":0,
                        "alpha":0
                    },
                    "opacity":0.2,
                    "shadowOffsetX":2,
                    "shadowOffsetY":3,
                    "shadowRadius":0
                },
                "border":{
                    "borderWidth":1,
                    "borderColor":{
                        "red":0,
                        "green":0,
                        "blue":0,
                        "alpha":0
                    }
                },
                "color":{
                    "red":255,
                    "green":255,
                    "blue":255,
                    "alpha":1
                    }
                },
            {
                "x":164,
                "y":126,
                "width":210,
                "height":12.8,
                "type":1,
                "verticalFlip":0,
                "horizonFlip":0,
                "angle":0,
                "verticalAlign":0,
                "text":"平安喜乐 万事顺遂",
                "textAlign":0,
                "fontName":"华康方圆体",
                "defaultFontSize":10.6,
                "lineCount":0,
                "lineSpace":0,
                "characterSpace":2,
                "shadow":{
                    "shadowColor":{
                        "red":0,
                        "green":0,
                        "blue":0,
                        "alpha":0
                    },
                    "opacity":0.2,
                    "shadowOffsetX":2,
                    "shadowOffsetY":3,
                    "shadowRadius":0
                },
                "border":{
                    "borderWidth":1,
                    "borderColor":{
                        "red":0,
                        "green":0,
                        "blue":0,
                        "alpha":0
                    }
                },
                "color":{
                    "red":0,
                    "green":0,
                    "blue":0,
                    "alpha":1
                    }
                },
            {
                "x":164,
                "y":147,
                "width":210,
                "height":12.8,
                "type":1,
                "verticalFlip":0,
                "horizonFlip":0,
                "angle":0,
                "verticalAlign":0,
                "text":"每天更新薅羊毛链接",
                "textAlign":0,
                "fontName":"华康方圆体",
                "defaultFontSize":10.6,
                "lineCount":0,
                "lineSpace":0,
                "characterSpace":2,
                "shadow":{
                    "shadowColor":{
                        "red":0,
                        "green":0,
                        "blue":0,
                        "alpha":0
                    },
                    "opacity":0.2,
                    "shadowOffsetX":2,
                    "shadowOffsetY":3,
                    "shadowRadius":0
                },
                "border":{
                    "borderWidth":1,
                    "borderColor":{
                        "red":0,
                        "green":0,
                        "blue":0,
                        "alpha":0
                    }
                },
                "color":{
                    "red":0,
                    "green":0,
                    "blue":0,
                    "alpha":1
                    }
                },
            {
                "x":164,
                "y":168,
                "width":210,
                "height":12.8,
                "type":1,
                "verticalFlip":0,
                "horizonFlip":0,
                "angle":0,
                "verticalAlign":0,
                "text":"可带链接来撸内部优惠券",
                "textAlign":0,
                "fontName":"华康方圆体",
                "defaultFontSize":10.6,
                "lineCount":0,
                "lineSpace":0,
                "characterSpace":2,
                "shadow":{
                    "shadowColor":{
                        "red":0,
                        "green":0,
                        "blue":0,
                        "alpha":0
                    },
                    "opacity":0.2,
                    "shadowOffsetX":2,
                    "shadowOffsetY":3,
                    "shadowRadius":0
                },
                "border":{
                    "borderWidth":1,
                    "borderColor":{
                        "red":0,
                        "green":0,
                        "blue":0,
                        "alpha":0
                    }
                },
                "color":{
                    "red":0,
                    "green":0,
                    "blue":0,
                    "alpha":1
                    }
                },
            {
                "x":164,
                "y":189,
                "width":210,
                "height":12.8,
                "type":1,
                "verticalFlip":0,
                "horizonFlip":0,
                "angle":0,
                "verticalAlign":0,
                "text":"每周日羊毛裙随机抽取姐妹送红包",
                "textAlign":0,
                "fontName":"华康方圆体",
                "defaultFontSize":10.6,
                "lineCount":0,
                "lineSpace":0,
                "characterSpace":2,
                "shadow":{
                    "shadowColor":{
                        "red":0,
                        "green":0,
                        "blue":0,
                        "alpha":0
                    },
                    "opacity":0.2,
                    "shadowOffsetX":2,
                    "shadowOffsetY":3,
                    "shadowRadius":0
                },
                "border":{
                    "borderWidth":1,
                    "borderColor":{
                        "red":0,
                        "green":0,
                        "blue":0,
                        "alpha":0
                    }
                },
                "color":{
                    "red":0,
                    "green":0,
                    "blue":0,
                    "alpha":1
                    }
                },
            {
                "x":164,
                "y":210,
                "width":210,
                "height":12.8,
                "type":1,
                "verticalFlip":0,
                "horizonFlip":0,
                "angle":0,
                "verticalAlign":0,
                "text":"免费副业可带",
                "textAlign":0,
                "fontName":"华康方圆体",
                "defaultFontSize":10.6,
                "lineCount":0,
                "lineSpace":0,
                "characterSpace":2,
                "shadow":{
                    "shadowColor":{
                        "red":0,
                        "green":0,
                        "blue":0,
                        "alpha":0
                    },
                    "opacity":0.2,
                    "shadowOffsetX":2,
                    "shadowOffsetY":3,
                    "shadowRadius":0
                },
                "border":{
                    "borderWidth":1,
                    "borderColor":{
                        "red":0,
                        "green":0,
                        "blue":0,
                        "alpha":0
                    }
                },
                "color":{
                    "red":0,
                    "green":0,
                    "blue":0,
                    "alpha":1
                    }
                },
            {
                "x":164,
                "y":231,
                "width":210,
                "height":12.8,
                "type":1,
                "verticalFlip":0,
                "horizonFlip":0,
                "angle":0,
                "verticalAlign":0,
                "text":"上蜜源免费领天猫淘宝海量优惠券",
                "textAlign":0,
                "fontName":"华康方圆体",
                "defaultFontSize":10.6,
                "lineCount":0,
                "lineSpace":0,
                "characterSpace":2,
                "shadow":{
                    "shadowColor":{
                        "red":0,
                        "green":0,
                        "blue":0,
                        "alpha":0
                    },
                    "opacity":0.2,
                    "shadowOffsetX":2,
                    "shadowOffsetY":3,
                    "shadowRadius":0
                },
                "border":{
                    "borderWidth":1,
                    "borderColor":{
                        "red":0,
                        "green":0,
                        "blue":0,
                        "alpha":0
                    }
                },
                "color":{
                    "red":0,
                    "green":0,
                    "blue":0,
                    "alpha":1
                    }
                },
            {
                "x":151,
                "y":92,
                "width":223,
                "height":27,
                "type":1,
                "verticalFlip":0,
                "horizonFlip":0,
                "angle":0,
                "verticalAlign":0,
                "text":"芒果零食店",
                "textAlign":0,
                "fontName":"华康方圆体",
                "defaultFontSize":21,
                "lineCount":0,
                "lineSpace":0,
                "characterSpace":2,
                "shadow":{
                    "shadowColor":{
                        "red":0,
                        "green":0,
                        "blue":0,
                        "alpha":0
                    },
                    "opacity":0.2,
                    "shadowOffsetX":2,
                    "shadowOffsetY":3,
                    "shadowRadius":0
                },
                "border":{
                    "borderWidth":1,
                    "borderColor":{
                        "red":0,
                        "green":0,
                        "blue":0,
                        "alpha":0
                    }
                },
                "color":{
                    "red":0,
                    "green":0,
                    "blue":0,
                    "alpha":1
                    }
                },
            {
                "x":23,
                "y":221,
                "width":109,
                "height":132,
                "type":1,
                "verticalFlip":0,
                "horizonFlip":0,
                "angle":0,
                "verticalAlign":0,
                "text":"VX：XXXXXXXXXXX",
                "textAlign":0,
                "fontName":"华康方圆体",
                "defaultFontSize":10.6,
                "lineCount":0,
                "lineSpace":0,
                "characterSpace":2,
                "shadow":{
                    "shadowColor":{
                        "red":0,
                        "green":0,
                        "blue":0,
                        "alpha":0
                    },
                    "opacity":0.2,
                    "shadowOffsetX":2,
                    "shadowOffsetY":3,
                    "shadowRadius":0
                },
                "border":{
                    "borderWidth":1,
                    "borderColor":{
                        "red":0,
                        "green":0,
                        "blue":0,
                        "alpha":0
                    }
                },
                "color":{
                    "red":0,
                    "green":0,
                    "blue":0,
                    "alpha":1
                    }
                }
        ]
    }
}
