{
    "data":{
        "resId":"haibao_14",
        "type":1,
        "name":"微商朋友圈背景可爱风1",
        "canvas":{
            "width":375,
            "height":375,
            "color":{
                "red":255,
                "green":252,
                "blue":247,
                "alpha":1
            }
        },
        "imagePieces":[
            {
                "path":"haibao_14_sucai.png",
                "x":0,
                "y":0,
                "width":375,
                "height":375,
                "verticalFlip":0,
                "horizonFlip":0,
                "angle":0,
                "bgRadius":0
            },
            {
                "x":150,
                "y":79,
                "width":84,
                "height":84,
                "verticalFlip":0,
                "horizonFlip":0,
                "angle":0,
                "bgRadius":42,
                "path":"haibao_14_touxiang.png"
            }
        ],
        "textPieces":[
            {
                "x":120,
                "y":170,
                "width":145,
                "height":22,
                "type":1,
                "verticalFlip":0,
                "horizonFlip":0,
                "angle":0,
                "verticalAlign":0,
                "text":"晴天小铺",
                "textAlign":1,
                "fontName":"华康方圆体",
                "defaultFontSize":15,
                "lineCount":0,
                "lineSpace":0,
                "characterSpace":2,
                "shadow":{
                    "shadowColor":{
                        "red":0,
                        "green":0,
                        "blue":0,
                        "alpha":0
                    },
                    "opacity":0.2,
                    "shadowOffsetX":2,
                    "shadowOffsetY":3,
                    "shadowRadius":0
                },
                "border":{
                    "borderWidth":1,
                    "borderColor":{
                        "red":200,
                        "green":107,
                        "blue":107,
                        "alpha":0
                    }
                },
                "color":{
                    "red":255,
                    "green":255,
                    "blue":255,
                    "alpha":1
                    }
                },
            {
                "x":120,
                "y":202,
                "width":145,
                "height":36,
                "type":1,
                "verticalFlip":0,
                "horizonFlip":0,
                "angle":0,
                "verticalAlign":0,
                "text":"-不定期人肉背回日，韩，澳洲直邮\n-护肤，彩妆，奢侈品品\n-诚信交易正品保证感谢信任",
                "textAlign":0,
                "fontName":"华康方圆体",
                "defaultFontSize":8.4,
                "lineCount":3,
                "lineSpace":5,
                "characterSpace":1,
                "shadow":{
                    "shadowColor":{
                        "red":0,
                        "green":0,
                        "blue":0,
                        "alpha":0
                    },
                    "opacity":0.2,
                    "shadowOffsetX":2,
                    "shadowOffsetY":3,
                    "shadowRadius":0
                },
                "border":{
                    "borderWidth":1,
                    "borderColor":{
                        "red":255,
                        "green":255,
                        "blue":255,
                        "alpha":0
                    }
                },
                "color":{
                    "red":0,
                    "green":0,
                    "blue":0,
                    "alpha":1
                    }
                },
            {
                "x":111,
                "y":242,
                "width":155,
                "height":28,
                "type":1,
                "verticalFlip":0,
                "horizonFlip":0,
                "angle":0,
                "verticalAlign":0,
                "text":"签收后24小时可以调换但是不可退货\n小本经营望理解",
                "textAlign":1,
                "fontName":"华康方圆体",
                "defaultFontSize":8.4,
                "lineCount":2,
                "lineSpace":5,
                "characterSpace":1,
                "shadow":{
                    "shadowColor":{
                        "red":0,
                        "green":0,
                        "blue":0,
                        "alpha":0
                    },
                    "opacity":0.2,
                    "shadowOffsetX":2,
                    "shadowOffsetY":3,
                    "shadowRadius":0
                },
                "border":{
                    "borderWidth":1,
                    "borderColor":{
                        "red":255,
                        "green":255,
                        "blue":255,
                        "alpha":0
                    }
                },
                "color":{
                    "red":250,
                    "green":194,
                    "blue":193,
                    "alpha":1
                    }
                },
            {
                "x":120,
                "y":272,
                "width":145,
                "height":42,
                "type":1,
                "verticalFlip":0,
                "horizonFlip":0,
                "angle":0,
                "verticalAlign":0,
                "text":"购物请看朋友圈\n小店不定时降价秒杀款\n欢迎来撩～",
                "textAlign":1,
                "fontName":"华康方圆体",
                "defaultFontSize":8.4,
                "lineCount":3,
                "lineSpace":10,
                "characterSpace":1,
                "shadow":{
                    "shadowColor":{
                        "red":0,
                        "green":0,
                        "blue":0,
                        "alpha":0
                    },
                    "opacity":0.2,
                    "shadowOffsetX":2,
                    "shadowOffsetY":3,
                    "shadowRadius":0
                },
                "border":{
                    "borderWidth":1,
                    "borderColor":{
                        "red":255,
                        "green":255,
                        "blue":255,
                        "alpha":0
                    }
                },
                "color":{
                    "red":0,
                    "green":0,
                    "blue":0,
                    "alpha":1
                    }
                },
            {
                "x":283,
                "y":262,
                "width":59,
                "height":26,
                "type":1,
                "verticalFlip":0,
                "horizonFlip":0,
                "angle":32,
                "verticalAlign":0,
                "text":"欢迎来到我的\n朋友圈",
                "textAlign":1,
                "fontName":"华康方圆体",
                "defaultFontSize":8.4,
                "lineCount":2,
                "lineSpace":5,
                "characterSpace":1,
                "shadow":{
                    "shadowColor":{
                        "red":0,
                        "green":0,
                        "blue":0,
                        "alpha":0
                    },
                    "opacity":0.2,
                    "shadowOffsetX":2,
                    "shadowOffsetY":3,
                    "shadowRadius":0
                },
                "border":{
                    "borderWidth":1,
                    "borderColor":{
                        "red":255,
                        "green":255,
                        "blue":255,
                        "alpha":0
                    }
                },
                "color":{
                    "red":0,
                    "green":0,
                    "blue":0,
                    "alpha":1
                    }
                }
        ]
    }
}
