{
    "data":{
        "resId":"haibao_3",
        "type":1,
        "name":"微商朋友圈背景可爱风1",
        "canvas":{
            "width":375,
            "height":375,
            "color":{
                "red":255,
                "green":255,
                "blue":255,
                "alpha":1
            }
        },
        "imagePieces":[
            {
                "x":0,
                "y":0,
                "width":375,
                "height":375,
                "verticalFlip":0,
                "horizonFlip":0,
                "angle":0,
                "bgRadius":0,
                "path":"haibao_3_sucai.png"
            },
            {
                "x":51,
                "y":109,
                "width":88,
                "height":88,
                "verticalFlip":0,
                "horizonFlip":0,
                "angle":0,
                "bgRadius":44,
                "path":"haibao_3_touxiang.png"
            },
            
            {
                "x":233,
                "y":0,
                "width":136,
                "height":38,
                "verticalFlip":0,
                "horizonFlip":0,
                "angle":0,
                "bgRadius":0,
                "path":"haibao_3_youjiao.png"
            },
            {
                "x":1.8,
                "y":335,
                "width":124,
                "height":41,
                "verticalFlip":0,
                "horizonFlip":0,
                "angle":0,
                "bgRadius":0,
                "path":"haibao_3_zuojiao.png"
            },
            {
                "x":270,
                "y":290,
                "width":62,
                "height":35,
                "verticalFlip":0,
                "horizonFlip":0,
                "angle":0,
                "bgRadius":0,
                "path":"haibao_3_mao.png"
            },
            {
                "x":89,
                "y":205,
                "width":209,
                "height":1.8,
                "verticalFlip":0,
                "horizonFlip":0,
                "angle":0,
                "bgRadius":0,
                "path":"haibao_3_xuxian.png"
            },
            {
                "x":145,
                "y":104,
                "width":71,
                "height":43,
                "verticalFlip":0,
                "horizonFlip":0,
                "angle":0,
                "bgRadius":0,
                "path":"haibao_3_huanying.png"
            },
            {
                "x":186,
                "y":99,
                "width":132,
                "height":95,
                "verticalFlip":0,
                "horizonFlip":0,
                "angle":0,
                "bgRadius":0,
                "path":"haibao_3_xingxing.png"
            }
        ],
        "textPieces":[
            {
                "x":85,
                "y":177,
                "width":214,
                "height":15,
                "type":1,
                "verticalFlip":0,
                "horizonFlip":0,
                "angle":0,
                "verticalAlign":1,
                "text":"。",
                "textAlign":1,
                "fontName":"华康方圆体",
                "defaultFontSize":9,
                "lineCount":1,
                "lineSpace":0,
                "characterSpace":0,
                "shadow":{
                    "shadowColor":{
                        "red":0,
                        "green":0,
                        "blue":0,
                        "alpha":0
                    },
                    "opacity":0.2,
                    "shadowOffsetX":2,
                    "shadowOffsetY":3,
                    "shadowRadius":0
                },
                "border":{
                    "borderWidth":1,
                    "borderColor":{
                        "red":255,
                        "green":255,
                        "blue":255,
                        "alpha":0
                    }
                },
                "color":{
                    "red":0,
                    "green":0,
                    "blue":0,
                    "alpha":1
                }
            }
        ]
    }
}
