{
    "data":{
        "resId":"haibao_9",
        "type":1,
        "name":"微商朋友圈背景可爱风1",
        "canvas":{
            "width":375,
            "height":375,
            "color":{
                "red":255,
                "green":255,
                "blue":255,
                "alpha":1
            }
        },
        "imagePieces":[
            {
                "x":0,
                "y":0,
                "width":375,
                "height":375,
                "verticalFlip":0,
                "horizonFlip":0,
                "angle":0,
                "bgRadius":0,
                "path":"haibao_9_sucai.png"
            },
            {
                "x":270,
                "y":122,
                "width":86,
                "height":86,
                "verticalFlip":0,
                "horizonFlip":0,
                "angle":0,
                "bgRadius":43,
                "path":"haibao_9_touxiang.png"
            }
            
        ],
        "textPieces":[
            {
                "x":6,
                "y":213,
                "width":75,
                "height":88,
                "type":1,
                "verticalFlip":0,
                "horizonFlip":0,
                "angle":0,
                "verticalAlign":0,
                "text":"关于我们的，\n你可以招加盟赚钱，\n你可以招代理让他给你卖货赚钱，\n你可以卖衣服赚钱，\n你可以卖货源赚钱！",
                "textAlign":0,
                "fontName":"华康方圆体",
                "defaultFontSize":10,
                "lineCount":5,
                "lineSpace":10,
                "characterSpace":0,
                "shadow":{
                    "shadowColor":{
                        "red":0,
                        "green":0,
                        "blue":0,
                        "alpha":0
                    },
                    "opacity":0.2,
                    "shadowOffsetX":2,
                    "shadowOffsetY":3,
                    "shadowRadius":0
                },
                "border":{
                    "borderWidth":1,
                    "borderColor":{
                        "red":255,
                        "green":255,
                        "blue":255,
                        "alpha":0
                    }
                },
                "color":{
                    "red":0,
                    "green":0,
                    "blue":0,
                    "alpha":1
                    }
                },
                {
                    "x":23,
                    "y":149,
                    "width":151,
                    "height":57,
                    "type":1,
                    "verticalFlip":0,
                    "horizonFlip":0,
                    "angle":0,
                    "verticalAlign":1,
                    "text":"主营：童装、玩具、\n女装、鞋子、饰品、\n零售、诚信经营、\n欢迎咨询～～",
                    "textAlign":1,
                    "fontName":"华康方圆体",
                    "defaultFontSize":11,
                    "lineCount":4,
                    "lineSpace":5,
                    "characterSpace":0,
                    "shadow":{
                        "shadowColor":{
                            "red":0,
                            "green":0,
                            "blue":0,
                            "alpha":0
                        },
                        "opacity":0.2,
                        "shadowOffsetX":2,
                        "shadowOffsetY":3,
                        "shadowRadius":0
                    },
                    "border":{
                        "borderWidth":1,
                        "borderColor":{
                            "red":0,
                            "green":0,
                            "blue":0,
                            "alpha":1
                        }
                    },
                    "color":{
                        "red":238,
                        "green":196,
                        "blue":21,
                        "alpha":1
                    }
            },
            {
                    "x":182,
                    "y":144,
                    "width":90,
                    "height":49,
                    "type":1,
                    "verticalFlip":0,
                    "horizonFlip":0,
                    "angle":0,
                    "verticalAlign":0,
                    "text":"营业时间：\n早：9:00-23:00\n良心做人 诚信做事",
                    "textAlign":0,
                    "fontName":"华康方圆体",
                    "defaultFontSize":9,
                    "lineCount":3,
                    "lineSpace":5,
                    "characterSpace":0,
                    "shadow":{
                        "shadowColor":{
                            "red":0,
                            "green":0,
                            "blue":0,
                            "alpha":0
                        },
                        "opacity":0.2,
                        "shadowOffsetX":2,
                        "shadowOffsetY":3,
                        "shadowRadius":0
                    },
                    "border":{
                        "borderWidth":1,
                        "borderColor":{
                            "red":0,
                            "green":0,
                            "blue":0,
                            "alpha":1
                        }
                    },
                    "color":{
                        "red":255,
                        "green":255,
                        "blue":255,
                        "alpha":1
                        }
                    },
                    {
                        "x":208,
                        "y":217,
                        "width":136,
                        "height":74,
                        "type":1,
                        "verticalFlip":0,
                        "horizonFlip":0,
                        "angle":0,
                        "verticalAlign":1,
                        "text":"卖喜欢的东西\n遇眼光相似的人\n永远追求爱与美的实物\n希望我能温暖你",
                        "textAlign":0,
                        "fontName":"华康方圆体",
                        "defaultFontSize":10,
                        "lineCount":4,
                        "lineSpace":5,
                        "characterSpace":0,
                        "shadow":{
                            "shadowColor":{
                                "red":0,
                                "green":0,
                                "blue":0,
                                "alpha":0
                            },
                            "opacity":0.2,
                            "shadowOffsetX":2,
                            "shadowOffsetY":3,
                            "shadowRadius":0
                        },
                        "border":{
                            "borderWidth":1,
                            "borderColor":{
                                "red":255,
                                "green":255,
                                "blue":255,
                                "alpha":0
                            }
                        },
                        "color":{
                            "red":0,
                            "green":0,
                            "blue":0,
                            "alpha":1
                        }
                },
                    {
                        "x":117,
                        "y":309,
                        "width":199,
                        "height":10,
                        "type":1,
                        "verticalFlip":0,
                        "horizonFlip":0,
                        "angle":0,
                        "verticalAlign":1,
                        "text":"招加盟一对一培训，手把手教精准引流",
                        "textAlign":1,
                        "fontName":"华康方圆体",
                        "defaultFontSize":10,
                        "lineCount":4,
                        "lineSpace":5,
                        "characterSpace":0,
                        "shadow":{
                            "shadowColor":{
                                "red":0,
                                "green":0,
                                "blue":0,
                                "alpha":0
                            },
                            "opacity":0.2,
                            "shadowOffsetX":2,
                            "shadowOffsetY":3,
                            "shadowRadius":0
                        },
                        "border":{
                            "borderWidth":1,
                            "borderColor":{
                                "red":255,
                                "green":255,
                                "blue":255,
                                "alpha":0
                            }
                        },
                        "color":{
                            "red":0,
                            "green":0,
                            "blue":0,
                            "alpha":1
                        }
                },
                    {
                        "x":38,
                        "y":119,
                        "width":96,
                        "height":14,
                        "type":1,
                        "verticalFlip":0,
                        "horizonFlip":0,
                        "angle":0,
                        "verticalAlign":1,
                        "text":"小豆班童装店",
                        "textAlign":1,
                        "fontName":"华康方圆体",
                        "defaultFontSize":14,
                        "lineCount":0,
                        "lineSpace":0,
                        "characterSpace":0,
                        "shadow":{
                            "shadowColor":{
                                "red":0,
                                "green":0,
                                "blue":0,
                                "alpha":0
                            },
                            "opacity":0.2,
                            "shadowOffsetX":2,
                            "shadowOffsetY":3,
                            "shadowRadius":0
                        },
                        "border":{
                            "borderWidth":1,
                            "borderColor":{
                                "red":255,
                                "green":255,
                                "blue":255,
                                "alpha":0
                            }
                        },
                        "color":{
                            "red":255,
                            "green":255,
                            "blue":255,
                            "alpha":1
                        }
                }
        ]
    }
}
