{
  "data": {
    "resId": "haibao_1",
    "type": 1,
    "name": "微商朋友圈背景可爱风1",
    "canvas": {
      "path": "haibao_1_sucai.png",
      "width": 375,
      "height": 375,
      "color": {
        "red": 255,
        "green": 255,
        "blue": 255,
        "alpha": 0
      }
    },
    "pieces": [
      {
        "canvas": {
          "x": 40,
          "y": 20,
          "width": 60,
          "height": 60,
          "cornerRadius": 30,
          "color": {
            "red": 255,
            "green": 255,
            "blue": 255,
            "alpha": 1
          }
        },
        "imagePieces": [
          {
            "x": 0,
            "y": 0,
            "width": 60,
            "height": 60,
            "verticalFlip": 0,
            "horizonFlip": 0,
            "angle": 0,
            "path": "haibao_1_touxiang.png"
          }
        ],
        "textPieces": []
      },
      {
        "canvas": {
          "x": 20,
          "y": 120,
          "width": 335,
          "height": 40,
          "cornerRadius": 0,
          "color": {
            "red": 255,
            "green": 255,
            "blue": 255,
            "alpha": 0
          }
        },
        "imagePieces": [],
        "textPieces": [
          {
            "x": 9,
            "y": 82,
            "width": 87,
            "height": 87,
            "type": 1,
            "verticalFlip": 0,
            "horizonFlip": 0,
            "angle": 0,
            "verticalAlign": 1,
            "text": "微商水印相机",
            "textAlign": 1,
            "fontName": "华康方圆体",
            "defaultFontSize": 47,
            "lineCount": 1,
            "lineSpace": 0,
            "characterSpace": 0,
            "shadow": {
              "shadowColor": {
                "red": 0,
                "green": 0,
                "blue": 0,
                "alpha": 0
              },
              "opacity": 0.2,
              "shadowOffsetX": 2,
              "shadowOffsetY": 3,
              "shadowRadius": 0
            },
            "border": {
              "borderWidth": 1,
              "borderColor": {
                "red": 255,
                "green": 255,
                "blue": 255,
                "alpha": 1
              }
            },
            "color": {
              "red": 190,
              "green": 109,
              "blue": 116,
              "alpha": 1
            }
          }
        ]
      }
    ]
  }
}
