{
    "data":{
        "resId":"haibao_1",
        "type":1,
        "name":"微商朋友圈背景可爱风1",
        "canvas":{
            "width":375,
            "height":375,
            "color":{
                "red":255,
                "green":255,
                "blue":255,
                "alpha":1
            }
        },
        "imagePieces":[
            {
                "path":"haibao_1_sucai.png",
                "x":0,
                "y":0,
                "width":375,
                "height":375,
                "verticalFlip":0,
                "horizonFlip":0,
                "angle":0,
                "bgRadius":0
            },
            {
                "x":149,
                "y":69,
                "width":80,
                "height":80,
                "verticalFlip":0,
                "horizonFlip":0,
                "angle":0,
                "bgRadius":0,
                "path":"haibao_1_yuanquan.png"
            },
            {
                "x":151,
                "y":71,
                "width":76,
                "height":76,
                "verticalFlip":0,
                "horizonFlip":0,
                "angle":0,
                "bgRadius":38,
                "path":"haibao_1_touxiang.png"
            },
            {
                "x":74,
                "y":176,
                "width":232,
                "height":18,
                "verticalFlip":0,
                "horizonFlip":0,
                "angle":0,
                "bgRadius":0,
                "path":"haibao_1_wenzi1.png"
            },
            {
                "x":74,
                "y":199,
                "width":232,
                "height":18,
                "verticalFlip":0,
                "horizonFlip":0,
                "angle":0,
                "bgRadius":0,
                "path":"haibao_1_wenzi1.png"
            },
            {
                "x":74,
                "y":222,
                "width":232,
                "height":18,
                "verticalFlip":0,
                "horizonFlip":0,
                "angle":0,
                "bgRadius":0,
                "path":"haibao_1_wenzi1.png"
            },
            {
                "x":101,
                "y":248,
                "width":175,
                "height":18,
                "verticalFlip":0,
                "horizonFlip":0,
                "angle":0,
                "bgRadius":0,
                "path":"haibao_1_wenzi2.png"
            },
            {
                "x":101,
                "y":273,
                "width":175,
                "height":18,
                "verticalFlip":0,
                "horizonFlip":0,
                "angle":0,
                "bgRadius":0,
                "path":"haibao_1_wenzi2.png"
            },
            {
                "x":97,
                "y":296,
                "width":183,
                "height":18,
                "verticalFlip":0,
                "horizonFlip":0,
                "angle":0,
                "bgRadius":0,
                "path":"haibao_1_wenzi3.png"
            }
        ],
        "textPieces":[
            {
                "x":74,
                "y":176,
                "width":232,
                "height":18,
                "type":1,
                "verticalFlip":0,
                "horizonFlip":0,
                "angle":0,
                "verticalAlign":1,
                "text":"主营：美妆、衣服、包包、鞋子",
                "textAlign":1,
                "fontName":"华康方圆体",
                "defaultFontSize":9,
                "lineCount":1,
                "lineSpace":0,
                "characterSpace":3,
                "shadow":{
                    "shadowColor":{
                        "red":0,
                        "green":0,
                        "blue":0,
                        "alpha":0
                    },
                    "opacity":0.2,
                    "shadowOffsetX":2,
                    "shadowOffsetY":3,
                    "shadowRadius":0
                },
                "border":{
                    "borderWidth":1,
                    "borderColor":{
                        "red":255,
                        "green":255,
                        "blue":255,
                        "alpha":0
                    }
                },
                "color":{
                    "red":0,
                    "green":0,
                    "blue":0,
                    "alpha":1
                }
            },
            {
                "x":74,
                "y":199,
                "width":232,
                "height":18,
                "type":1,
                "verticalFlip":0,
                "horizonFlip":0,
                "angle":0,
                "verticalAlign":1,
                "text":"用心做微商5年老店，你想要的我都有",
                "textAlign":1,
                "fontName":"华康方圆体",
                "defaultFontSize":9,
                "lineCount":1,
                "lineSpace":0,
                "characterSpace":3,
                "shadow":{
                    "shadowColor":{
                        "red":0,
                        "green":0,
                        "blue":0,
                        "alpha":0
                    },
                    "opacity":0.2,
                    "shadowOffsetX":2,
                    "shadowOffsetY":3,
                    "shadowRadius":0
                },
                "border":{
                    "borderWidth":1,
                    "borderColor":{
                        "red":255,
                        "green":255,
                        "blue":255,
                        "alpha":0
                    }
                },
                "color":{
                    "red":0,
                    "green":0,
                    "blue":0,
                    "alpha":1
                }
            },
            {
                "x":74,
                "y":222,
                "width":232,
                "height":18,
                "type":1,
                "verticalFlip":0,
                "horizonFlip":0,
                "angle":0,
                "verticalAlign":1,
                "text":"全网最低价格，不接急单，不卖玻璃心",
                "textAlign":1,
                "fontName":"华康方圆体",
                "defaultFontSize":9,
                "lineCount":1,
                "lineSpace":0,
                "characterSpace":3,
                "shadow":{
                    "shadowColor":{
                        "red":0,
                        "green":0,
                        "blue":0,
                        "alpha":0
                    },
                    "opacity":0.2,
                    "shadowOffsetX":2,
                    "shadowOffsetY":3,
                    "shadowRadius":0
                },
                "border":{
                    "borderWidth":1,
                    "borderColor":{
                        "red":255,
                        "green":255,
                        "blue":255,
                        "alpha":0
                    }
                },
                "color":{
                    "red":0,
                    "green":0,
                    "blue":0,
                    "alpha":1
                }
            },
            {
                "x":101,
                "y":248,
                "width":175,
                "height":18,
                "type":1,
                "verticalFlip":0,
                "horizonFlip":0,
                "angle":0,
                "verticalAlign":1,
                "text":"有百家生展现纯实物纯分享",
                "textAlign":1,
                "fontName":"华康方圆体",
                "defaultFontSize":9,
                "lineCount":1,
                "lineSpace":0,
                "characterSpace":3,
                "shadow":{
                    "shadowColor":{
                        "red":0,
                        "green":0,
                        "blue":0,
                        "alpha":0
                    },
                    "opacity":0.2,
                    "shadowOffsetX":2,
                    "shadowOffsetY":3,
                    "shadowRadius":0
                },
                "border":{
                    "borderWidth":1,
                    "borderColor":{
                        "red":255,
                        "green":255,
                        "blue":255,
                        "alpha":0
                    }
                },
                "color":{
                    "red":0,
                    "green":0,
                    "blue":0,
                    "alpha":1
                }
            },
            {
                "x":101,
                "y":273,
                "width":175,
                "height":18,
                "type":1,
                "verticalFlip":0,
                "horizonFlip":0,
                "angle":0,
                "verticalAlign":1,
                "text":"全国招代理支持一件代发",
                "textAlign":1,
                "fontName":"华康方圆体",
                "defaultFontSize":9,
                "lineCount":1,
                "lineSpace":0,
                "characterSpace":3,
                "shadow":{
                    "shadowColor":{
                        "red":0,
                        "green":0,
                        "blue":0,
                        "alpha":0
                    },
                    "opacity":0.2,
                    "shadowOffsetX":2,
                    "shadowOffsetY":3,
                    "shadowRadius":0
                },
                "border":{
                    "borderWidth":1,
                    "borderColor":{
                        "red":255,
                        "green":255,
                        "blue":255,
                        "alpha":0
                    }
                },
                "color":{
                    "red":0,
                    "green":0,
                    "blue":0,
                    "alpha":1
                }
            },
            {
                "x":97,
                "y":296,
                "width":183,
                "height":18,
                "type":1,
                "verticalFlip":0,
                "horizonFlip":0,
                "angle":0,
                "verticalAlign":1,
                "text":"关于售后：非质量问题不退换",
                "textAlign":1,
                "fontName":"华康方圆体",
                "defaultFontSize":9,
                "lineCount":1,
                "lineSpace":0,
                "characterSpace":3,
                "shadow":{
                    "shadowColor":{
                        "red":0,
                        "green":0,
                        "blue":0,
                        "alpha":0
                    },
                    "opacity":0.2,
                    "shadowOffsetX":2,
                    "shadowOffsetY":3,
                    "shadowRadius":0
                },
                "border":{
                    "borderWidth":1,
                    "borderColor":{
                        "red":255,
                        "green":255,
                        "blue":255,
                        "alpha":0
                    }
                },
                "color":{
                    "red":0,
                    "green":0,
                    "blue":0,
                    "alpha":1
                }
            }
        ]
    }
}
