{
    "data":{
        "resId":"haibao_4",
        "type":1,
        "name":"微商朋友圈背景可爱风1",
        "canvas":{
            "width":375,
            "height":375,
            "color":{
                "red":255,
                "green":255,
                "blue":255,
                "alpha":1
            }
        },
        "imagePieces":[
            {
                "x":0,
                "y":0,
                "width":375,
                "height":375,
                "verticalFlip":0,
                "horizonFlip":0,
                "angle":0,
                "bgRadius":0,
                "path":"haibao_4_sucai.png"
            },
            {
                "x":31,
                "y":109,
                "width":126,
                "height":126,
                "verticalFlip":0,
                "horizonFlip":0,
                "angle":0,
                "bgRadius":63,
                "path":"haibao_4_touxiang.png"
            },
            
            {
                "x":193,
                "y":221,
                "width":142,
                "height":71,
                "verticalFlip":0,
                "horizonFlip":0,
                "angle":0,
                "bgRadius":0,
                "path":"haibao_4_changtiao.png"
            },
            {
                "x":33,
                "y":281,
                "width":123,
                "height":33,
                "verticalFlip":0,
                "horizonFlip":0,
                "angle":0,
                "bgRadius":0,
                "path":"haibao_4_fense.png"
            }
        ],
        "textPieces":[
            {
                "x":85,
                "y":177,
                "width":214,
                "height":15,
                "type":1,
                "verticalFlip":0,
                "horizonFlip":0,
                "angle":0,
                "verticalAlign":1,
                "text":"。",
                "textAlign":1,
                "fontName":"华康方圆体",
                "defaultFontSize":9,
                "lineCount":1,
                "lineSpace":0,
                "characterSpace":0,
                "shadow":{
                    "shadowColor":{
                        "red":0,
                        "green":0,
                        "blue":0,
                        "alpha":0
                    },
                    "opacity":0.2,
                    "shadowOffsetX":2,
                    "shadowOffsetY":3,
                    "shadowRadius":0
                },
                "border":{
                    "borderWidth":1,
                    "borderColor":{
                        "red":255,
                        "green":255,
                        "blue":255,
                        "alpha":0
                    }
                },
                "color":{
                    "red":0,
                    "green":0,
                    "blue":0,
                    "alpha":1
                }
            }
        ]
    }
}
