{
    "data":{
        "resId":"haibao_18",
        "type":1,
        "name":"微商朋友圈背景可爱风1",
        "canvas":{
            "width":375,
            "height":375,
            "color":{
                "red":255,
                "green":255,
                "blue":255,
                "alpha":1
            }
        },
        "imagePieces":[
            {
                "path":"haibao_18_sucai.png",
                "x":0,
                "y":0,
                "width":375,
                "height":375,
                "verticalFlip":0,
                "horizonFlip":0,
                "angle":0,
                "bgRadius":0
            },
            {
                "x":134,
                "y":229,
                "width":123,
                "height":10.6,
                "verticalFlip":0,
                "horizonFlip":0,
                "angle":0,
                "bgRadius":0,
                "path":"haibao_18_1.png"
            },
            {
                "x":76,
                "y":300,
                "width":237,
                "height":10.2,
                "verticalFlip":0,
                "horizonFlip":0,
                "angle":0,
                "bgRadius":0,
                "path":"haibao_18_2.png"
            }
        ],
        "textPieces":[
            {
                "x":105,
                "y":58,
                "width":157,
                "height":29,
                "type":1,
                "verticalFlip":0,
                "horizonFlip":0,
                "angle":10,
                "verticalAlign":0,
                "text":"COCO爱物小店",
                "textAlign":1,
                "fontName":"华康方圆体",
                "defaultFontSize":21,
                "lineCount":0,
                "lineSpace":0,
                "characterSpace":1,
                "shadow":{
                    "shadowColor":{
                        "red":0,
                        "green":0,
                        "blue":0,
                        "alpha":0
                    },
                    "opacity":0.2,
                    "shadowOffsetX":2,
                    "shadowOffsetY":3,
                    "shadowRadius":0
                },
                "border":{
                    "borderWidth":1,
                    "borderColor":{
                        "red":200,
                        "green":107,
                        "blue":107,
                        "alpha":0
                    }
                },
                "color":{
                    "red":58,
                    "green":63,
                    "blue":157,
                    "alpha":1
                }
            },
            {
                "x":153,
                "y":118,
                "width":79,
                "height":17,
                "type":0,
                "verticalFlip":0,
                "horizonFlip":0,
                "angle":0,
                "verticalAlign":0,
                "text":"本店不议价",
                "textAlign":1,
                "fontName":"华康方圆体",
                "defaultFontSize":12,
                "lineCount":0,
                "lineSpace":0,
                "characterSpace":1,
                "shadow":{
                    "shadowColor":{
                        "red":0,
                        "green":0,
                        "blue":0,
                        "alpha":0
                    },
                    "opacity":0.2,
                    "shadowOffsetX":2,
                    "shadowOffsetY":3,
                    "shadowRadius":0
                },
                "border":{
                    "borderWidth":1,
                    "borderColor":{
                        "red":255,
                        "green":255,
                        "blue":255,
                        "alpha":0
                    }
                },
                "color":{
                    "red":58,
                    "green":63,
                    "blue":157,
                    "alpha":1
                }
            },
            {
                "x":70,
                "y":144,
                "width":243,
                "height":76,
                "type":1,
                "verticalFlip":0,
                "horizonFlip":0,
                "angle":0,
                "verticalAlign":0,
                "text":"售出商品无质量问题不退不换\n现货1-3天发，预收款除外\n我会坚持品质请放心购买",
                "textAlign":1,
                "fontName":"华康方圆体",
                "defaultFontSize":12,
                "lineCount":3,
                "lineSpace":15,
                "characterSpace":1,
                "shadow":{
                    "shadowColor":{
                        "red":0,
                        "green":0,
                        "blue":0,
                        "alpha":0
                    },
                    "opacity":0.2,
                    "shadowOffsetX":2,
                    "shadowOffsetY":3,
                    "shadowRadius":0
                },
                "border":{
                    "borderWidth":1,
                    "borderColor":{
                        "red":255,
                        "green":255,
                        "blue":255,
                        "alpha":0
                    }
                },
                "color":{
                    "red":58,
                    "green":63,
                    "blue":157,
                    "alpha":1
                }
            },
            {
                "x":134,
                "y":222,
                "width":123,
                "height":17,
                "type":1,
                "verticalFlip":0,
                "horizonFlip":0,
                "angle":0,
                "verticalAlign":0,
                "text":"VX:XXXXXXXXXXXX",
                "textAlign":1,
                "fontName":"华康方圆体",
                "defaultFontSize":12,
                "lineCount":0,
                "lineSpace":0,
                "characterSpace":1,
                "shadow":{
                    "shadowColor":{
                        "red":0,
                        "green":0,
                        "blue":0,
                        "alpha":0
                    },
                    "opacity":0.2,
                    "shadowOffsetX":2,
                    "shadowOffsetY":3,
                    "shadowRadius":0
                },
                "border":{
                    "borderWidth":1,
                    "borderColor":{
                        "red":255,
                        "green":255,
                        "blue":255,
                        "alpha":0
                    }
                },
                "color":{
                    "red":58,
                    "green":63,
                    "blue":157,
                    "alpha":1
                }
            },
            {
                "x":61,
                "y":254,
                "width":268,
                "height":17,
                "type":1,
                "verticalFlip":0,
                "horizonFlip":0,
                "angle":0,
                "verticalAlign":0,
                "text":"本店支持 微信 支付宝 花呗 信用卡付款",
                "textAlign":1,
                "fontName":"华康方圆体",
                "defaultFontSize":12,
                "lineCount":0,
                "lineSpace":0,
                "characterSpace":1,
                "shadow":{
                    "shadowColor":{
                        "red":0,
                        "green":0,
                        "blue":0,
                        "alpha":0
                    },
                    "opacity":0.2,
                    "shadowOffsetX":2,
                    "shadowOffsetY":3,
                    "shadowRadius":0
                },
                "border":{
                    "borderWidth":1,
                    "borderColor":{
                        "red":255,
                        "green":255,
                        "blue":255,
                        "alpha":0
                    }
                },
                "color":{
                    "red":58,
                    "green":63,
                    "blue":157,
                    "alpha":1
                }
            },
            {
                "x":76,
                "y":291,
                "width":237,
                "height":17,
                "type":1,
                "verticalFlip":0,
                "horizonFlip":0,
                "angle":0,
                "verticalAlign":0,
                "text":"买自己喜欢的东西，遇见眼光相似的人",
                "textAlign":1,
                "fontName":"华康方圆体",
                "defaultFontSize":12,
                "lineCount":0,
                "lineSpace":0,
                "characterSpace":1,
                "shadow":{
                    "shadowColor":{
                        "red":0,
                        "green":0,
                        "blue":0,
                        "alpha":0
                    },
                    "opacity":0.2,
                    "shadowOffsetX":2,
                    "shadowOffsetY":3,
                    "shadowRadius":0
                },
                "border":{
                    "borderWidth":1,
                    "borderColor":{
                        "red":255,
                        "green":255,
                        "blue":255,
                        "alpha":0
                    }
                },
                "color":{
                    "red":58,
                    "green":63,
                    "blue":157,
                    "alpha":1
                }
            }
        ]
    }
}