{
    "data":{
        "resId":"haibao_54",
        "type":1,
        "name":"微商朋友圈背景可爱风1",
        "canvas":{
            "width":375,
            "height":375,
            "color":{
                "red":255,
                "green":255,
                "blue":255,
                "alpha":1
            },
            "path":"haibao_54_sucai.png"
        },
        "imagePieces":[
            
        ],
        "textPieces":[
            {
                "x":88,
                "y":108,
                "width":193,
                "height":44,
                "type":1,
                "verticalFlip":0,
                "horizonFlip":0,
                "angle":0,
                "verticalAlign":0,
                "text":"新鲜水果",
                "textAlign":1,
                "fontName":"华康方圆体",
                "defaultFontSize":34,
                "lineCount":0,
                "lineSpace":0,
                "characterSpace":17,
                "shadow":{
                    "shadowColor":{
                        "red":0,
                        "green":0,
                        "blue":0,
                        "alpha":0
                    },
                    "opacity":0.2,
                    "shadowOffsetX":2,
                    "shadowOffsetY":3,
                    "shadowRadius":0
                },
                "border":{
                    "borderWidth":1,
                    "borderColor":{
                        "red":0,
                        "green":0,
                        "blue":0,
                        "alpha":0
                    }
                },
                "color":{
                    "red":255,
                    "green":255,
                    "blue":255,
                    "alpha":1
                    }
                },
            {
                "x":88,
                "y":89,
                "width":193,
                "height":16,
                "type":1,
                "verticalFlip":0,
                "horizonFlip":0,
                "angle":0,
                "verticalAlign":0,
                "text":"xin   xian   shui   guo",
                "textAlign":1,
                "fontName":"华康方圆体",
                "defaultFontSize":11,
                "lineCount":0,
                "lineSpace":0,
                "characterSpace":2,
                "shadow":{
                    "shadowColor":{
                        "red":0,
                        "green":0,
                        "blue":0,
                        "alpha":0
                    },
                    "opacity":0.2,
                    "shadowOffsetX":2,
                    "shadowOffsetY":3,
                    "shadowRadius":0
                },
                "border":{
                    "borderWidth":1,
                    "borderColor":{
                        "red":0,
                        "green":0,
                        "blue":0,
                        "alpha":0
                    }
                },
                "color":{
                    "red":255,
                    "green":255,
                    "blue":255,
                    "alpha":1
                    }
                },
            {
                "x":88,
                "y":170,
                "width":193,
                "height":19,
                "type":1,
                "verticalFlip":0,
                "horizonFlip":0,
                "angle":0,
                "verticalAlign":0,
                "text":"在线时间：9：00-23:00",
                "textAlign":1,
                "fontName":"华康方圆体",
                "defaultFontSize":13,
                "lineCount":0,
                "lineSpace":0,
                "characterSpace":2,
                "shadow":{
                    "shadowColor":{
                        "red":0,
                        "green":0,
                        "blue":0,
                        "alpha":0
                    },
                    "opacity":0.2,
                    "shadowOffsetX":2,
                    "shadowOffsetY":3,
                    "shadowRadius":0
                },
                "border":{
                    "borderWidth":1,
                    "borderColor":{
                        "red":0,
                        "green":0,
                        "blue":0,
                        "alpha":0
                    }
                },
                "color":{
                    "red":255,
                    "green":255,
                    "blue":255,
                    "alpha":1
                    }
                },
            {
                "x":88,
                "y":197,
                "width":193,
                "height":63,
                "type":1,
                "verticalFlip":0,
                "horizonFlip":0,
                "angle":0,
                "verticalAlign":0,
                "text":"农家水果直销\n有机种植 新鲜采摘 全国速寄\n新鲜看到水果的心跳声哦",
                "textAlign":1,
                "fontName":"华康方圆体",
                "defaultFontSize":13,
                "lineCount":3,
                "lineSpace":6,
                "characterSpace":2,
                "shadow":{
                    "shadowColor":{
                        "red":0,
                        "green":0,
                        "blue":0,
                        "alpha":0
                    },
                    "opacity":0.2,
                    "shadowOffsetX":2,
                    "shadowOffsetY":3,
                    "shadowRadius":0
                },
                "border":{
                    "borderWidth":1,
                    "borderColor":{
                        "red":0,
                        "green":0,
                        "blue":0,
                        "alpha":0
                    }
                },
                "color":{
                    "red":255,
                    "green":255,
                    "blue":255,
                    "alpha":1
                    }
                }
        ]
    }
}
