{
    "data":{
        "resId":"haibao_28",
        "type":1,
        "name":"微商朋友圈背景可爱风1",
        "canvas":{
            "width":375,
            "height":375,
            "color":{
                "red":255,
                "green":255,
                "blue":255,
                "alpha":1
            }
        },
        "imagePieces":[
            {
                "path":"haibao_28_sucai.png",
                "x":0,
                "y":0,
                "width":375,
                "height":375,
                "verticalFlip":0,
                "horizonFlip":0,
                "angle":0,
                "bgRadius":0
            },
            {
                "x":19,
                "y":97,
                "width":120,
                "height":120,
                "verticalFlip":0,
                "horizonFlip":0,
                "angle":0,
                "bgRadius":60,
                "path":"haibao_28_touxiang.png"
            }
        ],
        "textPieces":[
            {
                "x":163,
                "y":103,
                "width":208,
                "height":64,
                "type":1,
                "verticalFlip":0,
                "horizonFlip":0,
                "angle":0,
                "verticalAlign":0,
                "text":"主营：\n国产/进口猫狗粮/罐头\n保健品/日用品...",
                "textAlign":1,
                "fontName":"华康方圆体",
                "defaultFontSize":13,
                "lineCount":3,
                "lineSpace":7,
                "characterSpace":1,
                "shadow":{
                    "shadowColor":{
                        "red":0,
                        "green":0,
                        "blue":0,
                        "alpha":0
                    },
                    "opacity":0.2,
                    "shadowOffsetX":2,
                    "shadowOffsetY":3,
                    "shadowRadius":0
                },
                "border":{
                    "borderWidth":1,
                    "borderColor":{
                        "red":0,
                        "green":0,
                        "blue":0,
                        "alpha":0
                    }
                },
                "color":{
                    "red":0,
                    "green":0,
                    "blue":0,
                    "alpha":1
                    }
                },
            {
                "x":163,
                "y":174,
                "width":208,
                "height":76,
                "type":1,
                "verticalFlip":0,
                "horizonFlip":0,
                "angle":0,
                "verticalAlign":0,
                "text":"不定期会有优惠活动~\n所有商品谢绝还价，望亲理解！\n所有商品保真不售假货",
                "textAlign":1,
                "fontName":"华康方圆体",
                "defaultFontSize":13,
                "lineCount":3,
                "lineSpace":7,
                "characterSpace":1,
                "shadow":{
                    "shadowColor":{
                        "red":0,
                        "green":0,
                        "blue":0,
                        "alpha":0
                    },
                    "opacity":0.2,
                    "shadowOffsetX":2,
                    "shadowOffsetY":3,
                    "shadowRadius":0
                },
                "border":{
                    "borderWidth":1,
                    "borderColor":{
                        "red":0,
                        "green":0,
                        "blue":0,
                        "alpha":0
                    }
                },
                "color":{
                    "red":0,
                    "green":0,
                    "blue":0,
                    "alpha":1
                    }
                },
            {
                "x":38,
                "y":216,
                "width":138,
                "height":26,
                "type":1,
                "verticalFlip":0,
                "horizonFlip":0,
                "angle":0,
                "verticalAlign":0,
                "text":"汪喵喵小铺",
                "textAlign":0,
                "fontName":"华康方圆体",
                "defaultFontSize":19,
                "lineCount":0,
                "lineSpace":0,
                "characterSpace":1,
                "shadow":{
                    "shadowColor":{
                        "red":0,
                        "green":0,
                        "blue":0,
                        "alpha":0
                    },
                    "opacity":0.2,
                    "shadowOffsetX":2,
                    "shadowOffsetY":3,
                    "shadowRadius":0
                },
                "border":{
                    "borderWidth":1,
                    "borderColor":{
                        "red":0,
                        "green":0,
                        "blue":0,
                        "alpha":0
                    }
                },
                "color":{
                    "red":0,
                    "green":0,
                    "blue":0,
                    "alpha":1
                    }
                },
            {
                "x":36,
                "y":243,
                "width":149,
                "height":19,
                "type":1,
                "verticalFlip":0,
                "horizonFlip":0,
                "angle":0,
                "verticalAlign":0,
                "text":"wangmiaomiao~",
                "textAlign":0,
                "fontName":"华康方圆体",
                "defaultFontSize":16,
                "lineCount":0,
                "lineSpace":0,
                "characterSpace":1,
                "shadow":{
                    "shadowColor":{
                        "red":0,
                        "green":0,
                        "blue":0,
                        "alpha":0
                    },
                    "opacity":0.2,
                    "shadowOffsetX":2,
                    "shadowOffsetY":3,
                    "shadowRadius":0
                },
                "border":{
                    "borderWidth":1,
                    "borderColor":{
                        "red":0,
                        "green":0,
                        "blue":0,
                        "alpha":0
                    }
                },
                "color":{
                    "red":0,
                    "green":0,
                    "blue":0,
                    "alpha":1
                    }
                },
            {
                "x":37,
                "y":285,
                "width":309,
                "height":30,
                "type":1,
                "verticalFlip":0,
                "horizonFlip":0,
                "angle":0,
                "verticalAlign":0,
                "text":"汪星人喵星人的吃喝拉撒睡",
                "textAlign":0,
                "fontName":"华康方圆体",
                "defaultFontSize":22,
                "lineCount":0,
                "lineSpace":0,
                "characterSpace":1,
                "shadow":{
                    "shadowColor":{
                        "red":0,
                        "green":0,
                        "blue":0,
                        "alpha":0
                    },
                    "opacity":0.2,
                    "shadowOffsetX":2,
                    "shadowOffsetY":3,
                    "shadowRadius":0
                },
                "border":{
                    "borderWidth":1,
                    "borderColor":{
                        "red":0,
                        "green":0,
                        "blue":0,
                        "alpha":0
                    }
                },
                "color":{
                    "red":0,
                    "green":0,
                    "blue":0,
                    "alpha":1
                    }
                }
        ]
    }
}
