{
    "data":{
        "resId":"haibao_6",
        "type":1,
        "name":"微商朋友圈背景可爱风1",
        "canvas":{
            "width":375,
            "height":375,
            "color":{
                "red":255,
                "green":255,
                "blue":255,
                "alpha":1
            },
            "path":"haibao_6_sucai.png"
        },
        "imagePieces":[
            {
                "x":212,
                "y":69,
                "width":110,
                "height":110,
                "verticalFlip":0,
                "horizonFlip":0,
                "angle":0,
                "bgRadius":55,
                "path":"haibao_6_touxiang.png"
            }
        ],
        "textPieces":[
            {
                "x":203,
                "y":193,
                "width":144,
                "height":43,
                "type":1,
                "verticalFlip":0,
                "horizonFlip":0,
                "angle":0,
                "verticalAlign":1,
                "text":"主营：\n美妆、护肤品、奢侈品\n养生品、洗护品、健康瘦身品",
                "textAlign":1,
                "fontName":"华康方圆体",
                "defaultFontSize":12,
                "lineCount":3,
                "lineSpace":3,
                "characterSpace":0,
                "shadow":{
                    "shadowColor":{
                        "red":0,
                        "green":0,
                        "blue":0,
                        "alpha":0
                    },
                    "opacity":0.2,
                    "shadowOffsetX":2,
                    "shadowOffsetY":3,
                    "shadowRadius":0
                },
                "border":{
                    "borderWidth":1,
                    "borderColor":{
                        "red":255,
                        "green":255,
                        "blue":255,
                        "alpha":0
                    }
                },
                "color":{
                    "red":0,
                    "green":0,
                    "blue":0,
                    "alpha":1
                    }
                },
                {
                    "x":38,
                    "y":264,
                    "width":299,
                    "height":9,
                    "type":1,
                    "verticalFlip":0,
                    "horizonFlip":0,
                    "angle":0,
                    "verticalAlign":1,
                    "text":"～欢迎实力代理洽谈合作事宜，欢迎志同道合的你加入我的团队～",
                    "textAlign":1,
                    "fontName":"华康方圆体",
                    "defaultFontSize":10,
                    "lineCount":3,
                    "lineSpace":0,
                    "characterSpace":0,
                    "shadow":{
                        "shadowColor":{
                            "red":0,
                            "green":0,
                            "blue":0,
                            "alpha":0
                        },
                        "opacity":0.2,
                        "shadowOffsetX":2,
                        "shadowOffsetY":3,
                        "shadowRadius":0
                    },
                    "border":{
                        "borderWidth":1,
                        "borderColor":{
                            "red":255,
                            "green":255,
                            "blue":255,
                            "alpha":0
                        }
                    },
                    "color":{
                        "red":0,
                        "green":0,
                        "blue":0,
                        "alpha":1
                    }
            },
            {
                    "x":45,
                    "y":193,
                    "width":96,
                    "height":55,
                    "type":1,
                    "verticalFlip":0,
                    "horizonFlip":0,
                    "angle":0,
                    "verticalAlign":0,
                    "text":"1-3天发货\n带图片和码数询价\n只赚代发费用",
                    "textAlign":0,
                    "fontName":"华康方圆体",
                    "defaultFontSize":9,
                    "lineCount":3,
                    "lineSpace":7,
                    "characterSpace":0,
                    "shadow":{
                        "shadowColor":{
                            "red":0,
                            "green":0,
                            "blue":0,
                            "alpha":0
                        },
                        "opacity":0.2,
                        "shadowOffsetX":2,
                        "shadowOffsetY":3,
                        "shadowRadius":0
                    },
                    "border":{
                        "borderWidth":1,
                        "borderColor":{
                            "red":255,
                            "green":255,
                            "blue":255,
                            "alpha":0
                        }
                    },
                    "color":{
                        "red":0,
                        "green":0,
                        "blue":0,
                        "alpha":1
                        }
                    },
                    {
                        "x":38,
                        "y":264,
                        "width":299,
                        "height":9,
                        "type":1,
                        "verticalFlip":0,
                        "horizonFlip":0,
                        "angle":0,
                        "verticalAlign":1,
                        "text":"～欢迎实力代理洽谈合作事宜，欢迎志同道合的你加入我的团队～",
                        "textAlign":1,
                        "fontName":"华康方圆体",
                        "defaultFontSize":10,
                        "lineCount":3,
                        "lineSpace":0,
                        "characterSpace":0,
                        "shadow":{
                            "shadowColor":{
                                "red":0,
                                "green":0,
                                "blue":0,
                                "alpha":0
                            },
                            "opacity":0.2,
                            "shadowOffsetX":2,
                            "shadowOffsetY":3,
                            "shadowRadius":0
                        },
                        "border":{
                            "borderWidth":1,
                            "borderColor":{
                                "red":255,
                                "green":255,
                                "blue":255,
                                "alpha":0
                            }
                        },
                        "color":{
                            "red":0,
                            "green":0,
                            "blue":0,
                            "alpha":1
                        }
                },
                {
                        "x":39,
                        "y":108,
                        "width":180,
                        "height":74,
                        "type":1,
                        "verticalFlip":0,
                        "horizonFlip":0,
                        "angle":0,
                        "verticalAlign":0,
                        "text":"六年老店\n全天24小时高效率回复\n一手价格承接全网在售\n人性化终端承接实力代理代发业务",
                        "textAlign":0,
                        "fontName":"华康方圆体",
                        "defaultFontSize":11,
                        "lineCount":3,
                        "lineSpace":7.5,
                        "characterSpace":0,
                        "shadow":{
                            "shadowColor":{
                                "red":0,
                                "green":0,
                                "blue":0,
                                "alpha":0
                            },
                            "opacity":0.2,
                            "shadowOffsetX":2,
                            "shadowOffsetY":3,
                            "shadowRadius":0
                        },
                        "border":{
                            "borderWidth":1,
                            "borderColor":{
                                "red":255,
                                "green":255,
                                "blue":255,
                                "alpha":0
                            }
                        },
                        "color":{
                            "red":0,
                            "green":0,
                            "blue":0,
                            "alpha":1
                        }
                },
                {
                        "x":54,
                        "y":281,
                        "width":135,
                        "height":22,
                        "type":1,
                        "verticalFlip":0,
                        "horizonFlip":0,
                        "angle":-50,
                        "verticalAlign":1,
                        "text":"“卖自己喜欢的东西",
                        "textAlign":1,
                        "fontName":"华康方圆体",
                        "defaultFontSize":14,
                        "lineCount":3,
                        "lineSpace":0,
                        "characterSpace":0,
                        "shadow":{
                            "shadowColor":{
                                "red":0,
                                "green":0,
                                "blue":0,
                                "alpha":0
                            },
                            "opacity":0.2,
                            "shadowOffsetX":2,
                            "shadowOffsetY":3,
                            "shadowRadius":0
                        },
                        "border":{
                            "borderWidth":1,
                            "borderColor":{
                                "red":0,
                                "green":0,
                                "blue":0,
                                "alpha":1
                            }
                        },
                        "color":{
                            "red":255,
                            "green":255,
                            "blue":255,
                            "alpha":1
                        }
                },
                {
                        "x":186,
                        "y":300,
                        "width":119,
                        "height":14,
                        "type":1,
                        "verticalFlip":0,
                        "horizonFlip":0,
                        "angle":0,
                        "verticalAlign":1,
                        "text":"遇眼光相似的人”",
                        "textAlign":1,
                        "fontName":"华康方圆体",
                        "defaultFontSize":14,
                        "lineCount":3,
                        "lineSpace":0,
                        "characterSpace":0,
                        "shadow":{
                            "shadowColor":{
                                "red":0,
                                "green":0,
                                "blue":0,
                                "alpha":0
                            },
                            "opacity":0.2,
                            "shadowOffsetX":2,
                            "shadowOffsetY":3,
                            "shadowRadius":0
                        },
                        "border":{
                            "borderWidth":1,
                            "borderColor":{
                                "red":0,
                                "green":0,
                                "blue":0,
                                "alpha":1
                            }
                        },
                        "color":{
                            "red":255,
                            "green":255,
                            "blue":255,
                            "alpha":1
                        }
                }
        ]
    }
}
