{
    "data":{
        "resId":"haibao_23",
        "type":1,
        "name":"微商朋友圈背景可爱风1",
        "canvas":{
            "width":375,
            "height":375,
            "color":{
                "red":255,
                "green":255,
                "blue":255,
                "alpha":1
            },
            "path":"haibao_23_sucai.png"
        },
        "imagePieces":[
            {
                "x":15,
                "y":90,
                "width":114,
                "height":114,
                "verticalFlip":0,
                "horizonFlip":0,
                "angle":0,
                "bgRadius":57,
                "path":"haibao_23_touxiang.png"
            },
            {
                "x":154,
                "y":148,
                "width":12,
                "height":11,
                "verticalFlip":0,
                "horizonFlip":0,
                "angle":0,
                "bgRadius":0,
                "path":"haibao_23_1.png"
            },
            {
                "x":154,
                "y":163,
                "width":12,
                "height":12,
                "verticalFlip":0,
                "horizonFlip":0,
                "angle":0,
                "bgRadius":0,
                "path":"haibao_23_2.png"
            },
            {
                "x":154,
                "y":179,
                "width":12,
                "height":12,
                "verticalFlip":0,
                "horizonFlip":0,
                "angle":0,
                "bgRadius":0,
                "path":"haibao_23_3.png"
            },
            {
                "x":173,
                "y":216,
                "width":4.7,
                "height":4.7,
                "verticalFlip":0,
                "horizonFlip":0,
                "angle":0,
                "bgRadius":0,
                "path":"haibao_23_dian.png"
            },
            {
                "x":173,
                "y":235,
                "width":4.7,
                "height":4.7,
                "verticalFlip":0,
                "horizonFlip":0,
                "angle":0,
                "bgRadius":0,
                "path":"haibao_23_dian.png"
            },
            {
                "x":173,
                "y":254,
                "width":4.7,
                "height":4.7,
                "verticalFlip":0,
                "horizonFlip":0,
                "angle":0,
                "bgRadius":0,
                "path":"haibao_23_dian.png"
            },
            {
                "x":173,
                "y":273,
                "width":4.7,
                "height":4.7,
                "verticalFlip":0,
                "horizonFlip":0,
                "angle":0,
                "bgRadius":0,
                "path":"haibao_23_dian.png"
            }
            
        ],
        "textPieces":[
            {
                "x":188,
                "y":88,
                "width":172,
                "height":20,
                "type":1,
                "verticalFlip":0,
                "horizonFlip":0,
                "angle":7,
                "verticalAlign":0,
                "text":"自用省钱分享赚钱",
                "textAlign":1,
                "fontName":"华康方圆体",
                "defaultFontSize":17,
                "lineCount":0,
                "lineSpace":0,
                "characterSpace":1,
                "shadow":{
                    "shadowColor":{
                        "red":0,
                        "green":0,
                        "blue":0,
                        "alpha":0
                    },
                    "opacity":0.2,
                    "shadowOffsetX":2,
                    "shadowOffsetY":3,
                    "shadowRadius":0
                },
                "border":{
                    "borderWidth":1,
                    "borderColor":{
                        "red":200,
                        "green":107,
                        "blue":107,
                        "alpha":0
                    }
                },
                "color":{
                    "red":102,
                    "green":176,
                    "blue":229,
                    "alpha":1
                    }
                },
            {
                "x":29,
                "y":235,
                "width":110,
                "height":14,
                "type":1,
                "verticalFlip":0,
                "horizonFlip":0,
                "angle":7,
                "verticalAlign":0,
                "text":"Coco母婴店",
                "textAlign":1,
                "fontName":"华康方圆体",
                "defaultFontSize":14,
                "lineCount":0,
                "lineSpace":0,
                "characterSpace":2,
                "shadow":{
                    "shadowColor":{
                        "red":0,
                        "green":0,
                        "blue":0,
                        "alpha":0
                    },
                    "opacity":0.2,
                    "shadowOffsetX":2,
                    "shadowOffsetY":3,
                    "shadowRadius":0
                },
                "border":{
                    "borderWidth":1,
                    "borderColor":{
                        "red":200,
                        "green":107,
                        "blue":107,
                        "alpha":0
                    }
                },
                "color":{
                    "red":0,
                    "green":0,
                    "blue":0,
                    "alpha":1
                    }
                },
            {
                "x":32,
                "y":250,
                "width":110,
                "height":10,
                "type":1,
                "verticalFlip":0,
                "horizonFlip":0,
                "angle":7,
                "verticalAlign":0,
                "text":"营业时间：8:00-23:00",
                "textAlign":1,
                "fontName":"华康方圆体",
                "defaultFontSize":6.5,
                "lineCount":0,
                "lineSpace":0,
                "characterSpace":1,
                "shadow":{
                    "shadowColor":{
                        "red":0,
                        "green":0,
                        "blue":0,
                        "alpha":0
                    },
                    "opacity":0.2,
                    "shadowOffsetX":2,
                    "shadowOffsetY":3,
                    "shadowRadius":0
                },
                "border":{
                    "borderWidth":1,
                    "borderColor":{
                        "red":200,
                        "green":107,
                        "blue":107,
                        "alpha":0
                    }
                },
                "color":{
                    "red":0,
                    "green":0,
                    "blue":0,
                    "alpha":1
                    }
                },
            {
                "x":173,
                "y":146,
                "width":195,
                "height":13,
                "type":0,
                "verticalFlip":0,
                "horizonFlip":0,
                "angle":0,
                "verticalAlign":0,
                "text":"欢迎加入母婴一站式购物平台",
                "textAlign":0,
                "fontName":"华康方圆体",
                "defaultFontSize":10,
                "lineCount":0,
                "lineSpace":0,
                "characterSpace":1,
                "shadow":{
                    "shadowColor":{
                        "red":0,
                        "green":0,
                        "blue":0,
                        "alpha":0
                    },
                    "opacity":0.2,
                    "shadowOffsetX":2,
                    "shadowOffsetY":3,
                    "shadowRadius":0
                },
                "border":{
                    "borderWidth":1,
                    "borderColor":{
                        "red":255,
                        "green":255,
                        "blue":255,
                        "alpha":0
                    }
                },
                "color":{
                    "red":0,
                    "green":0,
                    "blue":0,
                    "alpha":1
                    }
                },
            {
                "x":173,
                "y":162,
                "width":195,
                "height":13,
                "type":1,
                "verticalFlip":0,
                "horizonFlip":0,
                "angle":0,
                "verticalAlign":0,
                "text":"全国招代理有兴趣的随时滴滴我",
                "textAlign":0,
                "fontName":"华康方圆体",
                "defaultFontSize":10,
                "lineCount":0,
                "lineSpace":0,
                "characterSpace":1,
                "shadow":{
                    "shadowColor":{
                        "red":0,
                        "green":0,
                        "blue":0,
                        "alpha":0
                    },
                    "opacity":0.2,
                    "shadowOffsetX":2,
                    "shadowOffsetY":3,
                    "shadowRadius":0
                },
                "border":{
                    "borderWidth":1,
                    "borderColor":{
                        "red":255,
                        "green":255,
                        "blue":255,
                        "alpha":0
                    }
                },
                "color":{
                    "red":0,
                    "green":0,
                    "blue":0,
                    "alpha":1
                    }
                },
            {
                "x":173,
                "y":178,
                "width":195,
                "height":13,
                "type":1,
                "verticalFlip":0,
                "horizonFlip":0,
                "angle":0,
                "verticalAlign":0,
                "text":"拥有大半个母婴市场消费你的省钱小宝藏",
                "textAlign":0,
                "fontName":"华康方圆体",
                "defaultFontSize":10,
                "lineCount":0,
                "lineSpace":0,
                "characterSpace":1,
                "shadow":{
                    "shadowColor":{
                        "red":0,
                        "green":0,
                        "blue":0,
                        "alpha":0
                    },
                    "opacity":0.2,
                    "shadowOffsetX":2,
                    "shadowOffsetY":3,
                    "shadowRadius":0
                },
                "border":{
                    "borderWidth":1,
                    "borderColor":{
                        "red":255,
                        "green":255,
                        "blue":255,
                        "alpha":0
                    }
                },
                "color":{
                    "red":0,
                    "green":0,
                    "blue":0,
                    "alpha":1
                    }
                },
            {
                "x":181,
                "y":212,
                "width":187,
                "height":13,
                "type":1,
                "verticalFlip":0,
                "horizonFlip":0,
                "angle":0,
                "verticalAlign":0,
                "text":"辅实用品 大牌纸尿裤",
                "textAlign":0,
                "fontName":"华康方圆体",
                "defaultFontSize":10,
                "lineCount":0,
                "lineSpace":0,
                "characterSpace":1,
                "shadow":{
                    "shadowColor":{
                        "red":0,
                        "green":0,
                        "blue":0,
                        "alpha":0
                    },
                    "opacity":0.2,
                    "shadowOffsetX":2,
                    "shadowOffsetY":3,
                    "shadowRadius":0
                },
                "border":{
                    "borderWidth":1,
                    "borderColor":{
                        "red":255,
                        "green":255,
                        "blue":255,
                        "alpha":0
                    }
                },
                "color":{
                    "red":0,
                    "green":0,
                    "blue":0,
                    "alpha":1
                    }
                },
            {
                "x":181,
                "y":231,
                "width":187,
                "height":13,
                "type":1,
                "verticalFlip":0,
                "horizonFlip":0,
                "angle":0,
                "verticalAlign":0,
                "text":"童装童鞋 各大品牌奶粉",
                "textAlign":0,
                "fontName":"华康方圆体",
                "defaultFontSize":10,
                "lineCount":0,
                "lineSpace":0,
                "characterSpace":1,
                "shadow":{
                    "shadowColor":{
                        "red":0,
                        "green":0,
                        "blue":0,
                        "alpha":0
                    },
                    "opacity":0.2,
                    "shadowOffsetX":2,
                    "shadowOffsetY":3,
                    "shadowRadius":0
                },
                "border":{
                    "borderWidth":1,
                    "borderColor":{
                        "red":255,
                        "green":255,
                        "blue":255,
                        "alpha":0
                    }
                },
                "color":{
                    "red":0,
                    "green":0,
                    "blue":0,
                    "alpha":1
                    }
                },
            {
                "x":181,
                "y":250,
                "width":187,
                "height":13,
                "type":1,
                "verticalFlip":0,
                "horizonFlip":0,
                "angle":0,
                "verticalAlign":0,
                "text":"各种玩具 早教产品",
                "textAlign":0,
                "fontName":"华康方圆体",
                "defaultFontSize":10,
                "lineCount":0,
                "lineSpace":0,
                "characterSpace":1,
                "shadow":{
                    "shadowColor":{
                        "red":0,
                        "green":0,
                        "blue":0,
                        "alpha":0
                    },
                    "opacity":0.2,
                    "shadowOffsetX":2,
                    "shadowOffsetY":3,
                    "shadowRadius":0
                },
                "border":{
                    "borderWidth":1,
                    "borderColor":{
                        "red":255,
                        "green":255,
                        "blue":255,
                        "alpha":0
                    }
                },
                "color":{
                    "red":0,
                    "green":0,
                    "blue":0,
                    "alpha":1
                    }
                },
            {
                "x":181,
                "y":268,
                "width":187,
                "height":13,
                "type":1,
                "verticalFlip":0,
                "horizonFlip":0,
                "angle":0,
                "verticalAlign":0,
                "text":"童装餐椅 安全座椅",
                "textAlign":0,
                "fontName":"华康方圆体",
                "defaultFontSize":10,
                "lineCount":0,
                "lineSpace":0,
                "characterSpace":1,
                "shadow":{
                    "shadowColor":{
                        "red":0,
                        "green":0,
                        "blue":0,
                        "alpha":0
                    },
                    "opacity":0.2,
                    "shadowOffsetX":2,
                    "shadowOffsetY":3,
                    "shadowRadius":0
                },
                "border":{
                    "borderWidth":1,
                    "borderColor":{
                        "red":255,
                        "green":255,
                        "blue":255,
                        "alpha":0
                    }
                },
                "color":{
                    "red":0,
                    "green":0,
                    "blue":0,
                    "alpha":1
                    }
                },
            {
                "x":56,
                "y":296,
                "width":280,
                "height":28,
                "type":1,
                "verticalFlip":0,
                "horizonFlip":0,
                "angle":0,
                "verticalAlign":0,
                "text":"“以妈妈之名，卖宝宝之物”",
                "textAlign":1,
                "fontName":"华康方圆体",
                "defaultFontSize":16,
                "lineCount":0,
                "lineSpace":0,
                "characterSpace":1,
                "shadow":{
                    "shadowColor":{
                        "red":0,
                        "green":0,
                        "blue":0,
                        "alpha":0
                    },
                    "opacity":0.2,
                    "shadowOffsetX":2,
                    "shadowOffsetY":3,
                    "shadowRadius":0
                },
                "border":{
                    "borderWidth":1,
                    "borderColor":{
                        "red":255,
                        "green":255,
                        "blue":255,
                        "alpha":0
                    }
                },
                "color":{
                    "red":102,
                    "green":176,
                    "blue":229,
                    "alpha":1
                    }
                }
        ]
    }
}
