{
    "data":{
        "resId":"haibao_41",
        "type":1,
        "name":"微商朋友圈背景可爱风1",
        "canvas":{
            "width":375,
            "height":375,
            "color":{
                "red":255,
                "green":255,
                "blue":255,
                "alpha":1
            }
        },
        "imagePieces":[
            {
                "path":"haibao_41_sucai.png",
                "x":0,
                "y":0,
                "width":375,
                "height":375,
                "verticalFlip":0,
                "horizonFlip":0,
                "angle":0,
                "bgRadius":0
            },
            {
                "x":146,
                "y":66,
                "width":96,
                "height":96,
                "verticalFlip":0,
                "horizonFlip":0,
                "angle":0,
                "bgRadius":48,
                "path":"haibao_41_touxiang.png"
            },
            {
                "x":246,
                "y":232,
                "width":31,
                "height":26,
                "verticalFlip":0,
                "horizonFlip":0,
                "angle":0,
                "bgRadius":0,
                "path":"haibao_41_1.png"
            }
        ],
        "textPieces":[
            {
                "x":126,
                "y":169,
                "width":141,
                "height":20,
                "type":1,
                "verticalFlip":0,
                "horizonFlip":0,
                "angle":0,
                "verticalAlign":0,
                "text":"爱好一些美好的东西",
                "textAlign":0,
                "fontName":"华康方圆体",
                "defaultFontSize":13,
                "lineCount":0,
                "lineSpace":0,
                "characterSpace":2,
                "shadow":{
                    "shadowColor":{
                        "red":0,
                        "green":0,
                        "blue":0,
                        "alpha":0
                    },
                    "opacity":0.2,
                    "shadowOffsetX":2,
                    "shadowOffsetY":3,
                    "shadowRadius":0
                },
                "border":{
                    "borderWidth":1,
                    "borderColor":{
                        "red":0,
                        "green":0,
                        "blue":0,
                        "alpha":0
                    }
                },
                "color":{
                    "red":0,
                    "green":0,
                    "blue":0,
                    "alpha":1
                    }
                },
            {
                "x":84,
                "y":197,
                "width":215,
                "height":81,
                "type":1,
                "verticalFlip":0,
                "horizonFlip":0,
                "angle":0,
                "verticalAlign":0,
                "text":"有个如家人般共同责任\n拥有赚钱/独立思想/丰盈内心\n一起环游吃遍美食\n配的上最好的你\n不辜负每位真爱粉的责任",
                "textAlign":1,
                "fontName":"华康方圆体",
                "defaultFontSize":9.5,
                "lineCount":5,
                "lineSpace":6,
                "characterSpace":2,
                "shadow":{
                    "shadowColor":{
                        "red":0,
                        "green":0,
                        "blue":0,
                        "alpha":0
                    },
                    "opacity":0.2,
                    "shadowOffsetX":2,
                    "shadowOffsetY":3,
                    "shadowRadius":0
                },
                "border":{
                    "borderWidth":1,
                    "borderColor":{
                        "red":0,
                        "green":0,
                        "blue":0,
                        "alpha":0
                    }
                },
                "color":{
                    "red":0,
                    "green":0,
                    "blue":0,
                    "alpha":1
                    }
                }
        ]
    }
}
