{
    "data":{
        "resId":"haibao_34",
        "type":1,
        "name":"微商朋友圈背景可爱风1",
        "canvas":{
            "width":375,
            "height":375,
            "color":{
                "red":255,
                "green":255,
                "blue":255,
                "alpha":1
            }
        },
        "imagePieces":[
            {
                "path":"haibao_34_sucai.png",
                "x":0,
                "y":0,
                "width":375,
                "height":375,
                "verticalFlip":0,
                "horizonFlip":0,
                "angle":0,
                "bgRadius":0
            },
            {
                "x":120,
                "y":229,
                "width":7.6,
                "height":7.6,
                "verticalFlip":0,
                "horizonFlip":0,
                "angle":0,
                "bgRadius":0,
                "path":"haibao_34_1.png"
            },
            {
                "x":120,
                "y":248,
                "width":8.4,
                "height":7.3,
                "verticalFlip":0,
                "horizonFlip":0,
                "angle":0,
                "bgRadius":0,
                "path":"haibao_34_2.png"
            },
            {
                "x":121,
                "y":267,
                "width":6.9,
                "height":8,
                "verticalFlip":0,
                "horizonFlip":0,
                "angle":0,
                "bgRadius":0,
                "path":"haibao_34_3.png"
            }
        ],
        "textPieces":[
            {
                "x":133,
                "y":227,
                "width":153,
                "height":14,
                "type":1,
                "verticalFlip":0,
                "horizonFlip":0,
                "angle":0,
                "verticalAlign":0,
                "text":"主营：面包、饼干、甜点、蛋糕",
                "textAlign":0,
                "fontName":"华康方圆体",
                "defaultFontSize":10,
                "lineCount":0,
                "lineSpace":0,
                "characterSpace":2,
                "shadow":{
                    "shadowColor":{
                        "red":0,
                        "green":0,
                        "blue":0,
                        "alpha":0
                    },
                    "opacity":0.2,
                    "shadowOffsetX":2,
                    "shadowOffsetY":3,
                    "shadowRadius":0
                },
                "border":{
                    "borderWidth":1,
                    "borderColor":{
                        "red":0,
                        "green":0,
                        "blue":0,
                        "alpha":0
                    }
                },
                "color":{
                    "red":0,
                    "green":0,
                    "blue":0,
                    "alpha":1
                    }
                },
            {
                "x":133,
                "y":246,
                "width":153,
                "height":14,
                "type":1,
                "verticalFlip":0,
                "horizonFlip":0,
                "angle":0,
                "verticalAlign":0,
                "text":"纯手工烘培，承诺无任何添加剂",
                "textAlign":0,
                "fontName":"华康方圆体",
                "defaultFontSize":10,
                "lineCount":0,
                "lineSpace":0,
                "characterSpace":2,
                "shadow":{
                    "shadowColor":{
                        "red":0,
                        "green":0,
                        "blue":0,
                        "alpha":0
                    },
                    "opacity":0.2,
                    "shadowOffsetX":2,
                    "shadowOffsetY":3,
                    "shadowRadius":0
                },
                "border":{
                    "borderWidth":1,
                    "borderColor":{
                        "red":0,
                        "green":0,
                        "blue":0,
                        "alpha":0
                    }
                },
                "color":{
                    "red":0,
                    "green":0,
                    "blue":0,
                    "alpha":1
                    }
                },
            {
                "x":133,
                "y":265,
                "width":153,
                "height":14,
                "type":1,
                "verticalFlip":0,
                "horizonFlip":0,
                "angle":0,
                "verticalAlign":0,
                "text":"蛋糕需要提前一天预约",
                "textAlign":0,
                "fontName":"华康方圆体",
                "defaultFontSize":10,
                "lineCount":0,
                "lineSpace":0,
                "characterSpace":2,
                "shadow":{
                    "shadowColor":{
                        "red":0,
                        "green":0,
                        "blue":0,
                        "alpha":0
                    },
                    "opacity":0.2,
                    "shadowOffsetX":2,
                    "shadowOffsetY":3,
                    "shadowRadius":0
                },
                "border":{
                    "borderWidth":1,
                    "borderColor":{
                        "red":0,
                        "green":0,
                        "blue":0,
                        "alpha":0
                    }
                },
                "color":{
                    "red":0,
                    "green":0,
                    "blue":0,
                    "alpha":1
                    }
                },
            {
                "x":141,
                "y":137,
                "width":108,
                "height":19,
                "type":1,
                "verticalFlip":0,
                "horizonFlip":0,
                "angle":0,
                "verticalAlign":0,
                "text":"57度甜品店",
                "textAlign":1,
                "fontName":"华康方圆体",
                "defaultFontSize":18,
                "lineCount":0,
                "lineSpace":0,
                "characterSpace":2,
                "shadow":{
                    "shadowColor":{
                        "red":0,
                        "green":0,
                        "blue":0,
                        "alpha":0
                    },
                    "opacity":0.2,
                    "shadowOffsetX":2,
                    "shadowOffsetY":3,
                    "shadowRadius":0
                },
                "border":{
                    "borderWidth":1,
                    "borderColor":{
                        "red":0,
                        "green":0,
                        "blue":0,
                        "alpha":0
                    }
                },
                "color":{
                    "red":0,
                    "green":0,
                    "blue":0,
                    "alpha":1
                    }
                }
        ]
    }
}
