{
    "data":{
        "resId":"haibao_12",
        "type":1,
        "name":"微商朋友圈背景可爱风1",
        "canvas":{
            "width":375,
            "height":375,
            "color":{
                "red":255,
                "green":255,
                "blue":255,
                "alpha":1
            }
        },
        "imagePieces":[
            {
                "x":0,
                "y":0,
                "width":375,
                "height":375,
                "verticalFlip":0,
                "horizonFlip":0,
                "angle":0,
                "bgRadius":0,
                "path":"haibao_12_sucai.png"
            },
            {
                "x":40,
                "y":71,
                "width":78,
                "height":78,
                "verticalFlip":0,
                "horizonFlip":0,
                "angle":0,
                "bgRadius":39,
                "path":"haibao_12_touxiang.png"
            }
        ],
        "textPieces":[
            {
                "x":154,
                "y":83,
                "width":185,
                "height":19,
                "type":1,
                "verticalFlip":0,
                "horizonFlip":0,
                "angle":0,
                "verticalAlign":0,
                "text":"Sunny 蒂娜",
                "textAlign":0,
                "fontName":"华康方圆体",
                "defaultFontSize":17,
                "lineCount":0,
                "lineSpace":0,
                "characterSpace":2,
                "shadow":{
                    "shadowColor":{
                        "red":0,
                        "green":0,
                        "blue":0,
                        "alpha":0
                    },
                    "opacity":0.2,
                    "shadowOffsetX":2,
                    "shadowOffsetY":3,
                    "shadowRadius":0
                },
                "border":{
                    "borderWidth":1,
                    "borderColor":{
                        "red":255,
                        "green":255,
                        "blue":255,
                        "alpha":0
                    }
                },
                "color":{
                    "red":0,
                    "green":0,
                    "blue":0,
                    "alpha":1
                    }
                },
            {
                "x":154,
                "y":107,
                "width":185,
                "height":14,
                "type":1,
                "verticalFlip":0,
                "horizonFlip":0,
                "angle":0,
                "verticalAlign":0,
                "text":"我一直在等你",
                "textAlign":0,
                "fontName":"华康方圆体",
                "defaultFontSize":12,
                "lineCount":0,
                "lineSpace":0,
                "characterSpace":1,
                "shadow":{
                    "shadowColor":{
                        "red":0,
                        "green":0,
                        "blue":0,
                        "alpha":0
                    },
                    "opacity":0.2,
                    "shadowOffsetX":2,
                    "shadowOffsetY":3,
                    "shadowRadius":0
                },
                "border":{
                    "borderWidth":1,
                    "borderColor":{
                        "red":255,
                        "green":255,
                        "blue":255,
                        "alpha":0
                    }
                },
                "color":{
                    "red":0,
                    "green":0,
                    "blue":0,
                    "alpha":1
                    }
                },
            {
                "x":154,
                "y":132,
                "width":220,
                "height":14,
                "type":1,
                "verticalFlip":0,
                "horizonFlip":0,
                "angle":0,
                "verticalAlign":0,
                "text":"主营：丰胸/美白/减肥/瘦身/基底护肤",
                "textAlign":0,
                "fontName":"华康方圆体",
                "defaultFontSize":12,
                "lineCount":0,
                "lineSpace":0,
                "characterSpace":1,
                "shadow":{
                    "shadowColor":{
                        "red":0,
                        "green":0,
                        "blue":0,
                        "alpha":0
                    },
                    "opacity":0.2,
                    "shadowOffsetX":2,
                    "shadowOffsetY":3,
                    "shadowRadius":0
                },
                "border":{
                    "borderWidth":1,
                    "borderColor":{
                        "red":255,
                        "green":255,
                        "blue":255,
                        "alpha":0
                    }
                },
                "color":{
                    "red":255,
                    "green":255,
                    "blue":255,
                    "alpha":1
                    }
                },
            {
                "x":41,
                "y":168,
                "width":163,
                "height":81,
                "type":1,
                "verticalFlip":0,
                "horizonFlip":0,
                "angle":0,
                "verticalAlign":0,
                "text":"00年小白起步月入六位数\n所有代理一对一亲自指导\n打造新手小白 最强逆袭",
                "textAlign":0,
                "fontName":"华康方圆体",
                "defaultFontSize":12,
                "lineCount":3,
                "lineSpace":12,
                "characterSpace":0,
                "shadow":{
                    "shadowColor":{
                        "red":0,
                        "green":0,
                        "blue":0,
                        "alpha":0
                    },
                    "opacity":0.2,
                    "shadowOffsetX":2,
                    "shadowOffsetY":3,
                    "shadowRadius":0
                },
                "border":{
                    "borderWidth":1,
                    "borderColor":{
                        "red":255,
                        "green":255,
                        "blue":255,
                        "alpha":0
                    }
                },
                "color":{
                    "red":0,
                    "green":0,
                    "blue":0,
                    "alpha":1
                    }
                },
            {
                "x":189,
                "y":168,
                "width":163,
                "height":81,
                "type":1,
                "verticalFlip":0,
                "horizonFlip":0,
                "angle":0,
                "verticalAlign":0,
                "text":"教你零成本玩转各大引流APP\n三年微商经验年轻且优秀\n一线资源对接团队大咖",
                "textAlign":0,
                "fontName":"华康方圆体",
                "defaultFontSize":12,
                "lineCount":3,
                "lineSpace":12,
                "characterSpace":0,
                "shadow":{
                    "shadowColor":{
                        "red":0,
                        "green":0,
                        "blue":0,
                        "alpha":0
                    },
                    "opacity":0.2,
                    "shadowOffsetX":2,
                    "shadowOffsetY":3,
                    "shadowRadius":0
                },
                "border":{
                    "borderWidth":1,
                    "borderColor":{
                        "red":255,
                        "green":255,
                        "blue":255,
                        "alpha":0
                    }
                },
                "color":{
                    "red":0,
                    "green":0,
                    "blue":0,
                    "alpha":1
                    }
                },
                {
                    "x":85,
                    "y":266,
                    "width":203,
                    "height":18,
                    "type":1,
                    "verticalFlip":0,
                    "horizonFlip":0,
                    "angle":0,
                    "verticalAlign":1,
                    "text":"单丝不成线 独木不成林",
                    "textAlign":1,
                    "fontName":"华康方圆体",
                    "defaultFontSize":15,
                    "lineCount":1,
                    "lineSpace":0,
                    "characterSpace":1,
                    "shadow":{
                        "shadowColor":{
                            "red":0,
                            "green":0,
                            "blue":0,
                            "alpha":0
                        },
                        "opacity":0.2,
                        "shadowOffsetX":2,
                        "shadowOffsetY":3,
                        "shadowRadius":0
                    },
                    "border":{
                        "borderWidth":1,
                        "borderColor":{
                            "red":0,
                            "green":0,
                            "blue":0,
                            "alpha":0
                        }
                    },
                    "color":{
                        "red":0,
                        "green":0,
                        "blue":0,
                        "alpha":1
                    }
            }
        ]
    }
}
