{
    "data":{
        "resId":"haibao_19",
        "type":1,
        "name":"微商朋友圈背景可爱风1",
        "canvas":{
            "width":375,
            "height":375,
            "color":{
                "red":255,
                "green":255,
                "blue":255,
                "alpha":1
            },
            "path":"haibao_19_sucai.png"
        },
        "imagePieces":[
            {
                "x":121,
                "y":179,
                "width":10.6,
                "height":8.4,
                "verticalFlip":0,
                "horizonFlip":0,
                "angle":0,
                "bgRadius":0,
                "path":"haibao_19_aixin.png"
            },
            {
                "x":121,
                "y":196,
                "width":10.6,
                "height":8.4,
                "verticalFlip":0,
                "horizonFlip":0,
                "angle":0,
                "bgRadius":0,
                "path":"haibao_19_aixin.png"
            },
            {
                "x":121,
                "y":213,
                "width":10.6,
                "height":8.4,
                "verticalFlip":0,
                "horizonFlip":0,
                "angle":0,
                "bgRadius":0,
                "path":"haibao_19_aixin.png"
            },
            {
                "x":121,
                "y":230,
                "width":10.6,
                "height":8.4,
                "verticalFlip":0,
                "horizonFlip":0,
                "angle":0,
                "bgRadius":0,
                "path":"haibao_19_aixin.png"
            },
            {
                "x":121,
                "y":247,
                "width":10.6,
                "height":8.4,
                "verticalFlip":0,
                "horizonFlip":0,
                "angle":0,
                "bgRadius":0,
                "path":"haibao_19_aixin.png"
            },
            {
                "x":121,
                "y":247,
                "width":10.6,
                "height":8.4,
                "verticalFlip":0,
                "horizonFlip":0,
                "angle":0,
                "bgRadius":0,
                "path":"haibao_19_aixin.png"
            },
            {
                "x":126,
                "y":271,
                "width":136,
                "height":13,
                "verticalFlip":0,
                "horizonFlip":0,
                "angle":0,
                "bgRadius":0,
                "path":"haibao_19_1.png"
            },
            {
                "x":154,
                "y":91,
                "width":80,
                "height":80,
                "verticalFlip":0,
                "horizonFlip":0,
                "angle":0,
                "bgRadius":40,
                "path":"haibao_19_touxiang.png"
            }
        ],
        "textPieces":[
            {
                "x":19,
                "y":98,
                "width":84,
                "height":27,
                "type":1,
                "verticalFlip":0,
                "horizonFlip":0,
                "angle":345,
                "verticalAlign":0,
                "text":"欢迎光临\n这里啥都有哦～",
                "textAlign":1,
                "fontName":"华康方圆体",
                "defaultFontSize":10,
                "lineCount":2,
                "lineSpace":5,
                "characterSpace":1,
                "shadow":{
                    "shadowColor":{
                        "red":0,
                        "green":0,
                        "blue":0,
                        "alpha":0
                    },
                    "opacity":0.2,
                    "shadowOffsetX":2,
                    "shadowOffsetY":3,
                    "shadowRadius":0
                },
                "border":{
                    "borderWidth":1,
                    "borderColor":{
                        "red":200,
                        "green":107,
                        "blue":107,
                        "alpha":0
                    }
                },
                "color":{
                    "red":0,
                    "green":0,
                    "blue":0,
                    "alpha":1
                    }
                },
            {
                "x":275,
                "y":98,
                "width":84,
                "height":27,
                "type":0,
                "verticalFlip":0,
                "horizonFlip":0,
                "angle":345,
                "verticalAlign":0,
                "text":"请翻烂朋友圈",
                "textAlign":1,
                "fontName":"华康方圆体",
                "defaultFontSize":11,
                "lineCount":0,
                "lineSpace":0,
                "characterSpace":1,
                "shadow":{
                    "shadowColor":{
                        "red":0,
                        "green":0,
                        "blue":0,
                        "alpha":0
                    },
                    "opacity":0.2,
                    "shadowOffsetX":2,
                    "shadowOffsetY":3,
                    "shadowRadius":0
                },
                "border":{
                    "borderWidth":1,
                    "borderColor":{
                        "red":255,
                        "green":255,
                        "blue":255,
                        "alpha":0
                    }
                },
                "color":{
                    "red":0,
                    "green":0,
                    "blue":0,
                    "alpha":1
                    }
                },
            {
                "x":137,
                "y":178,
                "width":216,
                "height":13,
                "type":1,
                "verticalFlip":0,
                "horizonFlip":0,
                "angle":0,
                "verticalAlign":0,
                "text":"嗨！我是小天天的麻麻～",
                "textAlign":0,
                "fontName":"华康方圆体",
                "defaultFontSize":10,
                "lineCount":0,
                "lineSpace":0,
                "characterSpace":1,
                "shadow":{
                    "shadowColor":{
                        "red":0,
                        "green":0,
                        "blue":0,
                        "alpha":0
                    },
                    "opacity":0.2,
                    "shadowOffsetX":2,
                    "shadowOffsetY":3,
                    "shadowRadius":0
                },
                "border":{
                    "borderWidth":1,
                    "borderColor":{
                        "red":255,
                        "green":255,
                        "blue":255,
                        "alpha":0
                    }
                },
                "color":{
                    "red":0,
                    "green":0,
                    "blue":0,
                    "alpha":1
                    }
                },
            {
                "x":137,
                "y":195,
                "width":216,
                "height":13,
                "type":1,
                "verticalFlip":0,
                "horizonFlip":0,
                "angle":0,
                "verticalAlign":0,
                "text":"加了我就是我的人了",
                "textAlign":0,
                "fontName":"华康方圆体",
                "defaultFontSize":10,
                "lineCount":0,
                "lineSpace":0,
                "characterSpace":1,
                "shadow":{
                    "shadowColor":{
                        "red":0,
                        "green":0,
                        "blue":0,
                        "alpha":0
                    },
                    "opacity":0.2,
                    "shadowOffsetX":2,
                    "shadowOffsetY":3,
                    "shadowRadius":0
                },
                "border":{
                    "borderWidth":1,
                    "borderColor":{
                        "red":255,
                        "green":255,
                        "blue":255,
                        "alpha":0
                    }
                },
                "color":{
                    "red":0,
                    "green":0,
                    "blue":0,
                    "alpha":1
                    }
                },
            {
                "x":137,
                "y":212,
                "width":216,
                "height":13,
                "type":1,
                "verticalFlip":0,
                "horizonFlip":0,
                "angle":0,
                "verticalAlign":0,
                "text":"看我朋友圈是一种享受",
                "textAlign":0,
                "fontName":"华康方圆体",
                "defaultFontSize":10,
                "lineCount":0,
                "lineSpace":0,
                "characterSpace":1,
                "shadow":{
                    "shadowColor":{
                        "red":0,
                        "green":0,
                        "blue":0,
                        "alpha":0
                    },
                    "opacity":0.2,
                    "shadowOffsetX":2,
                    "shadowOffsetY":3,
                    "shadowRadius":0
                },
                "border":{
                    "borderWidth":1,
                    "borderColor":{
                        "red":255,
                        "green":255,
                        "blue":255,
                        "alpha":0
                    }
                },
                "color":{
                    "red":0,
                    "green":0,
                    "blue":0,
                    "alpha":1
                    }
                },
            {
                "x":137,
                "y":229,
                "width":216,
                "height":13,
                "type":1,
                "verticalFlip":0,
                "horizonFlip":0,
                "angle":0,
                "verticalAlign":0,
                "text":"特价群不定时秒杀",
                "textAlign":0,
                "fontName":"华康方圆体",
                "defaultFontSize":10,
                "lineCount":0,
                "lineSpace":0,
                "characterSpace":1,
                "shadow":{
                    "shadowColor":{
                        "red":0,
                        "green":0,
                        "blue":0,
                        "alpha":0
                    },
                    "opacity":0.2,
                    "shadowOffsetX":2,
                    "shadowOffsetY":3,
                    "shadowRadius":0
                },
                "border":{
                    "borderWidth":1,
                    "borderColor":{
                        "red":255,
                        "green":255,
                        "blue":255,
                        "alpha":0
                    }
                },
                "color":{
                    "red":0,
                    "green":0,
                    "blue":0,
                    "alpha":1
                    }
                },
            {
                "x":137,
                "y":246,
                "width":216,
                "height":13,
                "type":1,
                "verticalFlip":0,
                "horizonFlip":0,
                "angle":0,
                "verticalAlign":0,
                "text":"相互信任，么么哒～",
                "textAlign":0,
                "fontName":"华康方圆体",
                "defaultFontSize":10,
                "lineCount":0,
                "lineSpace":0,
                "characterSpace":1,
                "shadow":{
                    "shadowColor":{
                        "red":0,
                        "green":0,
                        "blue":0,
                        "alpha":0
                    },
                    "opacity":0.2,
                    "shadowOffsetX":2,
                    "shadowOffsetY":3,
                    "shadowRadius":0
                },
                "border":{
                    "borderWidth":1,
                    "borderColor":{
                        "red":255,
                        "green":255,
                        "blue":255,
                        "alpha":0
                    }
                },
                "color":{
                    "red":0,
                    "green":0,
                    "blue":0,
                    "alpha":1
                    }
                },
            {
                "x":128,
                "y":271,
                "width":133,
                "height":14,
                "type":1,
                "verticalFlip":0,
                "horizonFlip":0,
                "angle":0,
                "verticalAlign":0,
                "text":"VX:XXXXXXXXXXXXXX",
                "textAlign":1,
                "fontName":"华康方圆体",
                "defaultFontSize":11,
                "lineCount":0,
                "lineSpace":0,
                "characterSpace":1,
                "shadow":{
                    "shadowColor":{
                        "red":0,
                        "green":0,
                        "blue":0,
                        "alpha":0
                    },
                    "opacity":0.2,
                    "shadowOffsetX":2,
                    "shadowOffsetY":3,
                    "shadowRadius":0
                },
                "border":{
                    "borderWidth":1,
                    "borderColor":{
                        "red":255,
                        "green":255,
                        "blue":255,
                        "alpha":0
                    }
                },
                "color":{
                    "red":0,
                    "green":0,
                    "blue":0,
                    "alpha":1
                    }
                },
            {
                "x":49,
                "y":290,
                "width":286,
                "height":20,
                "type":1,
                "verticalFlip":0,
                "horizonFlip":0,
                "angle":0,
                "verticalAlign":0,
                "text":"生活再糟糕，也不妨碍你过的更好",
                "textAlign":1,
                "fontName":"华康方圆体",
                "defaultFontSize":15,
                "lineCount":0,
                "lineSpace":0,
                "characterSpace":1,
                "shadow":{
                    "shadowColor":{
                        "red":0,
                        "green":0,
                        "blue":0,
                        "alpha":0
                    },
                    "opacity":0.2,
                    "shadowOffsetX":2,
                    "shadowOffsetY":3,
                    "shadowRadius":0
                },
                "border":{
                    "borderWidth":1,
                    "borderColor":{
                        "red":255,
                        "green":255,
                        "blue":255,
                        "alpha":0
                    }
                },
                "color":{
                    "red":0,
                    "green":0,
                    "blue":0,
                    "alpha":1
                    }
                }
        ]
    }
}
