{
    "data":{
        "resId":"haibao_43",
        "type":1,
        "name":"微商朋友圈背景可爱风1",
        "canvas":{
            "width":375,
            "height":375,
            "color":{
                "red":255,
                "green":255,
                "blue":255,
                "alpha":1
            },
            "path":"haibao_43_sucai.png"
        },
        "imagePieces":[
            {
                "x":230,
                "y":128,
                "width":98,
                "height":98,
                "verticalFlip":0,
                "horizonFlip":0,
                "angle":0,
                "bgRadius":49,
                "path":"haibao_43_touxiang.png"
            },
            {
                "x":79,
                "y":155,
                "width":3.6,
                "height":19,
                "verticalFlip":0,
                "horizonFlip":0,
                "angle":0,
                "bgRadius":0,
                "path":"haibao_43_1.png"
            },
            {
                "x":79,
                "y":182,
                "width":3.6,
                "height":19,
                "verticalFlip":0,
                "horizonFlip":0,
                "angle":0,
                "bgRadius":0,
                "path":"haibao_43_1.png"
            },
            {
                "x":79,
                "y":209,
                "width":3.6,
                "height":19,
                "verticalFlip":0,
                "horizonFlip":0,
                "angle":0,
                "bgRadius":0,
                "path":"haibao_43_1.png"
            },
            {
                "x":79,
                "y":236,
                "width":3.6,
                "height":19,
                "verticalFlip":0,
                "horizonFlip":0,
                "angle":0,
                "bgRadius":0,
                "path":"haibao_43_1.png"
            }
        ],
        "textPieces":[
            {
                "x":96,
                "y":85,
                "width":216,
                "height":23,
                "type":1,
                "verticalFlip":0,
                "horizonFlip":0,
                "angle":0,
                "verticalAlign":0,
                "text":"谢谢你这么可爱还关注我",
                "textAlign":1,
                "fontName":"华康方圆体",
                "defaultFontSize":11,
                "lineCount":0,
                "lineSpace":0,
                "characterSpace":2,
                "shadow":{
                    "shadowColor":{
                        "red":0,
                        "green":0,
                        "blue":0,
                        "alpha":0
                    },
                    "opacity":0.2,
                    "shadowOffsetX":2,
                    "shadowOffsetY":3,
                    "shadowRadius":0
                },
                "border":{
                    "borderWidth":1,
                    "borderColor":{
                        "red":0,
                        "green":0,
                        "blue":0,
                        "alpha":0
                    }
                },
                "color":{
                    "red":255,
                    "green":255,
                    "blue":255,
                    "alpha":1
                    }
                },
            {
                "x":76,
                "y":127,
                "width":225,
                "height":18,
                "type":1,
                "verticalFlip":0,
                "horizonFlip":0,
                "angle":0,
                "verticalAlign":0,
                "text":"宅家日韩代购",
                "textAlign":0,
                "fontName":"华康方圆体",
                "defaultFontSize":12,
                "lineCount":0,
                "lineSpace":0,
                "characterSpace":2,
                "shadow":{
                    "shadowColor":{
                        "red":0,
                        "green":0,
                        "blue":0,
                        "alpha":0
                    },
                    "opacity":0.2,
                    "shadowOffsetX":2,
                    "shadowOffsetY":3,
                    "shadowRadius":0
                },
                "border":{
                    "borderWidth":1,
                    "borderColor":{
                        "red":0,
                        "green":0,
                        "blue":0,
                        "alpha":0
                    }
                },
                "color":{
                    "red":0,
                    "green":0,
                    "blue":0,
                    "alpha":1
                    }
                },
            {
                "x":87,
                "y":155,
                "width":216,
                "height":18,
                "type":1,
                "verticalFlip":0,
                "horizonFlip":0,
                "angle":0,
                "verticalAlign":0,
                "text":"长期招代理",
                "textAlign":0,
                "fontName":"华康方圆体",
                "defaultFontSize":9,
                "lineCount":2,
                "lineSpace":6,
                "characterSpace":2,
                "shadow":{
                    "shadowColor":{
                        "red":0,
                        "green":0,
                        "blue":0,
                        "alpha":0
                    },
                    "opacity":0.2,
                    "shadowOffsetX":2,
                    "shadowOffsetY":3,
                    "shadowRadius":0
                },
                "border":{
                    "borderWidth":1,
                    "borderColor":{
                        "red":0,
                        "green":0,
                        "blue":0,
                        "alpha":0
                    }
                },
                "color":{
                    "red":0,
                    "green":0,
                    "blue":0,
                    "alpha":1
                    }
                },
            {
                "x":87,
                "y":182,
                "width":216,
                "height":18,
                "type":1,
                "verticalFlip":0,
                "horizonFlip":0,
                "angle":0,
                "verticalAlign":0,
                "text":"同步韩国东大门",
                "textAlign":0,
                "fontName":"华康方圆体",
                "defaultFontSize":9,
                "lineCount":2,
                "lineSpace":6,
                "characterSpace":2,
                "shadow":{
                    "shadowColor":{
                        "red":0,
                        "green":0,
                        "blue":0,
                        "alpha":0
                    },
                    "opacity":0.2,
                    "shadowOffsetX":2,
                    "shadowOffsetY":3,
                    "shadowRadius":0
                },
                "border":{
                    "borderWidth":1,
                    "borderColor":{
                        "red":0,
                        "green":0,
                        "blue":0,
                        "alpha":0
                    }
                },
                "color":{
                    "red":0,
                    "green":0,
                    "blue":0,
                    "alpha":1
                    }
                },
            {
                "x":87,
                "y":209,
                "width":216,
                "height":18,
                "type":1,
                "verticalFlip":0,
                "horizonFlip":0,
                "angle":0,
                "verticalAlign":0,
                "text":"主营：女装、饰品、包包、鞋子",
                "textAlign":0,
                "fontName":"华康方圆体",
                "defaultFontSize":9,
                "lineCount":2,
                "lineSpace":6,
                "characterSpace":2,
                "shadow":{
                    "shadowColor":{
                        "red":0,
                        "green":0,
                        "blue":0,
                        "alpha":0
                    },
                    "opacity":0.2,
                    "shadowOffsetX":2,
                    "shadowOffsetY":3,
                    "shadowRadius":0
                },
                "border":{
                    "borderWidth":1,
                    "borderColor":{
                        "red":0,
                        "green":0,
                        "blue":0,
                        "alpha":0
                    }
                },
                "color":{
                    "red":0,
                    "green":0,
                    "blue":0,
                    "alpha":1
                    }
                },
            {
                "x":87,
                "y":236,
                "width":216,
                "height":18,
                "type":1,
                "verticalFlip":0,
                "horizonFlip":0,
                "angle":0,
                "verticalAlign":0,
                "text":"卖自己喜欢的东西，遇眼光相似的人",
                "textAlign":0,
                "fontName":"华康方圆体",
                "defaultFontSize":9,
                "lineCount":2,
                "lineSpace":6,
                "characterSpace":2,
                "shadow":{
                    "shadowColor":{
                        "red":0,
                        "green":0,
                        "blue":0,
                        "alpha":0
                    },
                    "opacity":0.2,
                    "shadowOffsetX":2,
                    "shadowOffsetY":3,
                    "shadowRadius":0
                },
                "border":{
                    "borderWidth":1,
                    "borderColor":{
                        "red":0,
                        "green":0,
                        "blue":0,
                        "alpha":0
                    }
                },
                "color":{
                    "red":0,
                    "green":0,
                    "blue":0,
                    "alpha":1
                    }
                },
            {
                "x":63,
                "y":290,
                "width":146,
                "height":15,
                "type":1,
                "verticalFlip":0,
                "horizonFlip":0,
                "angle":0,
                "verticalAlign":0,
                "text":"让你瘦成小仙女本人没错了",
                "textAlign":1,
                "fontName":"华康方圆体",
                "defaultFontSize":9,
                "lineCount":2,
                "lineSpace":6,
                "characterSpace":2,
                "shadow":{
                    "shadowColor":{
                        "red":0,
                        "green":0,
                        "blue":0,
                        "alpha":0
                    },
                    "opacity":0.2,
                    "shadowOffsetX":2,
                    "shadowOffsetY":3,
                    "shadowRadius":0
                },
                "border":{
                    "borderWidth":1,
                    "borderColor":{
                        "red":0,
                        "green":0,
                        "blue":0,
                        "alpha":0
                    }
                },
                "color":{
                    "red":0,
                    "green":0,
                    "blue":0,
                    "alpha":1
                    }
                },
            {
                "x":220,
                "y":290,
                "width":117,
                "height":15,
                "type":1,
                "verticalFlip":0,
                "horizonFlip":0,
                "angle":0,
                "verticalAlign":0,
                "text":"哺乳备孕小孩都能用",
                "textAlign":1,
                "fontName":"华康方圆体",
                "defaultFontSize":9,
                "lineCount":2,
                "lineSpace":6,
                "characterSpace":2,
                "shadow":{
                    "shadowColor":{
                        "red":0,
                        "green":0,
                        "blue":0,
                        "alpha":0
                    },
                    "opacity":0.2,
                    "shadowOffsetX":2,
                    "shadowOffsetY":3,
                    "shadowRadius":0
                },
                "border":{
                    "borderWidth":1,
                    "borderColor":{
                        "red":0,
                        "green":0,
                        "blue":0,
                        "alpha":0
                    }
                },
                "color":{
                    "red":0,
                    "green":0,
                    "blue":0,
                    "alpha":1
                    }
                }
        ]
    }
}
